energy_j,speed_mm_s,frequency_khz,spot_diameter_mm,gas_flow_l_min,bead_height_mm,thermal_var_c,acoustic_rms,penetration_mm,vibration_rms,defect_real,is_labeled,defect_label
4.2,22.34,6.09,0.72,9.77,1.25,21.92,0.63,1.96,0.37,0,0,
3.94,18.35,7.14,0.69,10.74,1.25,23.83,0.66,1.96,0.28,0,0,
4.26,17.55,7.59,0.67,10.12,1.35,23.76,0.64,2.32,0.29,0,1,0.0
4.61,19.99,9.89,0.83,10.9,1.3,16.61,0.7,2.24,0.33,0,0,
3.91,19.49,8.56,0.78,11.57,1.17,19.41,0.63,2.02,0.33,0,0,
3.91,18.64,6.66,0.83,13.67,1.11,16.84,0.59,2.12,0.34,0,1,0.0
4.63,22.09,8.49,0.86,11.36,1.24,20.87,0.59,2.1,0.39,0,0,
4.31,22.87,6.45,0.82,8.83,1.12,22.73,0.37,1.83,0.35,0,0,
3.81,20.27,9.08,0.85,14.28,1.12,20.03,0.69,1.86,0.25,0,0,
4.22,24.43,7.53,0.79,10.33,1.07,22.1,0.49,1.6,0.47,0,0,
3.81,16.57,7.91,0.71,11.88,1.36,22.0,0.52,2.21,0.22,0,0,
3.81,19.42,9.33,0.88,12.89,1.31,15.65,0.67,2.06,0.26,0,0,
4.1,17.85,6.71,0.75,12.4,1.29,13.9,0.53,2.19,0.17,0,0,
3.23,14.4,6.6,0.73,14.19,1.23,20.18,0.42,2.34,0.2,0,0,
3.31,19.75,7.42,0.79,12.96,1.05,16.72,0.58,1.75,0.3,1,0,
3.78,19.63,9.04,0.73,10.28,1.2,16.35,0.73,1.89,0.22,0,0,
3.59,24.54,6.48,0.77,16.36,1.09,11.01,0.43,1.45,0.41,1,0,
4.13,21.89,5.17,0.83,12.39,1.15,17.35,0.56,1.79,0.31,0,0,
3.64,16.93,7.55,0.83,11.71,1.12,19.5,0.45,2.23,0.37,0,0,
3.44,25.56,8.55,0.73,13.93,0.98,16.96,0.8,1.24,0.38,1,1,1.0
4.59,23.66,9.2,0.76,12.5,1.23,21.08,0.63,1.81,0.35,0,0,
3.91,21.75,7.54,0.89,12.8,1.05,23.59,0.59,1.84,0.29,1,0,
4.03,19.32,7.59,0.84,16.98,1.23,17.34,0.43,2.13,0.35,0,0,
3.43,17.12,9.15,0.97,11.45,1.22,21.8,0.65,2.18,0.22,0,0,
3.78,18.88,6.13,0.89,11.36,1.2,19.83,0.52,2.12,0.24,0,0,
4.04,23.27,7.61,0.89,12.23,1.07,20.63,0.57,1.74,0.4,0,0,
3.54,25.65,8.19,0.69,14.14,1.01,14.02,0.56,1.14,0.34,1,0,
4.15,24.63,8.45,0.86,8.99,1.06,21.5,0.55,1.84,0.42,0,0,
3.76,18.53,7.49,0.8,8.07,1.13,20.66,0.66,1.91,0.36,0,0,
3.88,16.64,8.03,0.76,10.83,1.18,19.17,0.6,2.38,0.26,0,0,
3.76,20.42,5.51,0.81,8.73,1.21,18.79,0.6,1.9,0.34,0,0,
4.74,14.69,7.34,0.88,11.15,1.5,24.9,0.52,2.71,0.24,0,0,
3.99,20.97,8.45,0.84,13.0,1.17,20.96,0.59,1.89,0.4,0,0,
3.58,19.56,7.02,0.73,10.22,1.13,14.99,0.62,1.87,0.35,0,1,0.0
4.33,18.6,8.06,0.86,9.15,1.26,21.93,0.47,2.4,0.29,0,0,
3.51,15.22,8.45,0.75,12.14,1.22,21.62,0.53,2.21,0.25,0,0,
4.08,21.54,7.66,0.82,13.73,1.14,19.66,0.67,1.85,0.29,0,0,
3.22,18.4,8.17,0.78,8.61,1.02,21.7,0.51,1.61,0.31,1,0,
3.47,16.49,7.04,0.78,13.64,1.19,21.95,0.41,2.31,0.18,0,0,
4.08,11.38,7.79,0.86,13.63,1.45,24.6,0.74,2.79,0.11,0,0,
4.3,19.92,8.61,0.72,13.91,1.28,21.87,0.52,2.16,0.14,0,0,
4.07,25.32,8.16,0.96,14.44,1.05,18.5,0.62,1.49,0.43,0,0,
3.95,24.98,7.41,0.65,16.4,1.08,18.53,0.58,1.47,0.37,1,0,
3.88,18.63,8.22,0.75,11.29,1.29,14.73,0.39,2.17,0.33,0,0,
3.41,18.19,8.71,0.83,12.22,1.22,17.63,0.61,2.11,0.28,0,0,
3.71,21.41,5.95,0.85,11.17,1.14,13.69,0.53,1.77,0.38,0,0,
3.82,17.0,9.16,0.79,12.0,1.26,24.6,0.69,2.29,0.19,0,0,
4.42,20.91,7.66,0.8,15.07,1.19,21.06,0.66,2.11,0.37,0,0,
4.14,22.3,8.43,0.83,9.31,1.19,18.82,0.59,1.93,0.45,0,0,
3.29,23.68,9.2,0.78,10.28,1.07,18.03,0.72,1.3,0.41,1,0,
4.13,19.7,6.63,0.91,14.75,1.25,21.94,0.48,2.19,0.33,0,0,
3.85,19.39,7.29,0.87,14.04,1.29,16.3,0.45,2.11,0.3,0,0,
3.73,17.37,7.71,0.87,11.27,1.16,20.02,0.48,2.26,0.22,0,0,
4.24,17.52,7.22,0.72,13.71,1.25,21.21,0.44,2.28,0.29,0,0,
4.41,19.32,9.73,0.79,12.68,1.33,16.76,0.77,2.22,0.21,0,0,
4.37,21.1,7.14,0.78,15.0,1.24,18.87,0.44,2.06,0.3,0,0,
3.66,22.74,7.44,0.72,12.15,1.13,16.74,0.59,1.45,0.27,0,0,
3.88,17.59,8.2,0.83,14.05,1.25,20.37,0.59,2.35,0.22,0,0,
4.13,24.48,6.8,0.76,17.28,1.04,13.84,0.53,1.6,0.42,0,0,
4.39,19.19,7.6,0.85,13.2,1.27,25.42,0.69,2.27,0.31,1,0,
3.81,19.94,8.32,0.71,12.1,1.1,18.96,0.58,1.87,0.3,1,0,
3.93,17.76,7.67,0.94,13.44,1.2,20.94,0.63,2.06,0.26,0,0,
3.56,12.73,7.91,0.73,11.27,1.4,23.07,0.6,2.49,0.06,0,0,
3.52,22.65,7.47,0.82,16.78,1.09,14.4,0.56,1.57,0.33,1,0,
4.33,22.21,6.49,0.86,12.36,1.2,21.56,0.71,1.98,0.31,0,0,
4.54,19.16,8.32,0.75,11.45,1.22,21.49,0.5,2.32,0.25,0,0,
3.97,20.2,9.75,0.87,10.33,1.17,17.09,0.79,2.0,0.33,0,0,
4.4,21.55,8.02,0.7,14.19,1.15,22.55,0.65,1.97,0.29,0,0,
4.14,15.31,8.23,0.92,13.73,1.42,27.4,0.57,2.58,0.18,1,0,
3.74,18.41,8.69,0.8,11.01,1.18,21.94,0.76,2.2,0.16,0,0,
4.14,22.38,6.73,0.75,13.15,1.1,22.16,0.39,1.89,0.33,0,0,
4.62,16.24,9.7,0.78,8.98,1.41,22.78,0.64,2.7,0.17,0,0,
3.99,20.88,8.2,0.86,12.37,1.14,14.71,0.51,1.94,0.32,0,0,
4.63,15.93,9.63,0.75,12.91,1.49,29.01,0.71,2.51,0.17,1,0,
2.95,21.4,7.27,0.74,15.41,0.96,21.27,0.47,1.34,0.33,1,0,
4.33,19.89,9.82,0.78,10.46,1.18,26.0,0.73,2.19,0.29,1,0,
4.03,15.15,8.78,0.71,9.44,1.24,21.55,0.62,2.5,0.29,0,0,
3.88,23.49,8.55,0.95,10.21,1.08,14.31,0.59,1.65,0.39,1,1,1.0
4.04,17.8,8.23,0.75,9.33,1.24,18.05,0.64,2.4,0.16,0,0,
3.2,17.57,7.75,0.87,14.67,1.08,12.98,0.57,2.0,0.19,1,0,
3.91,20.6,9.2,0.82,15.1,1.23,19.03,0.57,2.03,0.31,0,0,
4.14,23.45,8.14,0.72,12.64,1.15,23.67,0.83,1.72,0.32,0,0,
4.59,16.95,6.03,0.8,14.44,1.38,23.46,0.46,2.46,0.09,0,0,
3.79,20.19,6.88,0.86,12.27,1.23,19.99,0.37,1.89,0.37,0,1,0.0
3.68,21.29,7.81,0.78,11.81,1.15,22.19,0.52,1.66,0.36,0,0,
3.8,22.08,8.31,0.9,11.33,1.07,16.95,0.51,1.87,0.37,1,0,
4.37,20.53,7.94,0.88,11.38,1.19,27.31,0.66,2.17,0.28,1,0,
4.13,18.9,9.22,0.87,8.9,1.29,27.05,0.69,2.21,0.3,1,0,
3.79,17.52,6.05,0.76,12.53,1.26,20.0,0.53,2.29,0.22,0,1,0.0
4.21,20.26,8.14,0.71,11.92,1.23,18.96,0.58,1.85,0.32,0,0,
4.04,16.78,6.18,0.75,13.49,1.26,23.86,0.49,2.4,0.19,0,0,
4.39,11.24,8.76,0.82,12.19,1.55,24.89,0.61,2.9,0.2,0,0,
3.72,21.31,7.91,0.84,11.67,1.08,14.75,0.59,1.76,0.25,1,0,
3.87,22.71,8.42,0.63,10.26,1.09,21.96,0.69,1.65,0.42,1,0,
3.84,12.91,7.14,0.8,12.14,1.46,26.57,0.58,2.71,0.16,1,0,
3.41,16.97,9.28,0.81,13.48,1.17,19.64,0.7,2.09,0.21,0,0,
4.12,21.86,9.04,0.78,9.71,1.08,15.76,0.69,2.0,0.35,0,0,
4.1,26.17,8.58,0.9,12.17,0.98,13.64,0.7,1.36,0.46,0,0,
4.0,20.06,7.87,0.83,12.47,1.25,20.3,0.62,2.07,0.37,0,0,
3.91,17.82,8.58,0.9,10.56,1.26,19.22,0.66,2.2,0.27,0,0,
3.43,19.45,7.29,0.78,10.82,1.13,16.99,0.66,1.66,0.24,0,0,
3.83,24.12,8.86,0.87,12.46,1.03,20.33,0.59,1.43,0.39,1,1,1.0
3.86,18.06,9.65,0.93,9.73,1.26,22.62,0.61,2.12,0.35,0,0,
3.68,17.6,9.07,0.9,12.7,1.18,24.05,0.56,2.22,0.32,0,0,
3.94,18.55,7.27,0.71,10.21,1.25,17.49,0.58,2.17,0.32,0,1,0.0
4.16,17.14,8.36,0.78,14.13,1.27,21.05,0.47,2.23,0.28,0,0,
4.75,20.37,6.71,0.77,16.68,1.26,25.11,0.57,2.25,0.34,1,0,
4.07,24.87,8.57,0.84,10.28,1.03,19.19,0.62,1.74,0.46,0,0,
4.1,20.97,8.45,0.85,13.07,1.17,24.52,0.71,1.96,0.3,0,0,
3.97,19.24,6.13,0.73,10.55,1.22,21.52,0.45,2.03,0.22,0,0,
3.23,19.12,6.84,0.81,14.08,1.12,22.91,0.53,1.83,0.29,0,0,
3.99,15.31,7.72,0.64,9.47,1.15,23.92,0.68,2.54,0.17,0,0,
4.02,22.65,7.7,0.92,12.96,1.08,21.96,0.7,1.7,0.3,0,0,
4.99,19.77,6.79,0.76,10.25,1.34,23.09,0.49,2.47,0.26,0,0,
3.92,19.46,8.39,0.8,11.59,1.28,20.01,0.63,1.99,0.41,0,0,
4.12,29.58,8.25,0.78,9.94,0.88,18.43,0.64,1.16,0.5,0,0,
3.99,20.9,7.81,0.89,13.64,1.18,24.34,0.62,1.92,0.34,0,0,
3.53,17.74,7.24,0.57,10.33,1.27,21.45,0.54,2.09,0.19,0,1,0.0
4.46,18.72,9.05,0.8,13.1,1.24,22.22,0.75,2.23,0.18,0,0,
4.3,23.45,9.66,0.79,11.31,1.16,23.61,0.53,1.69,0.33,0,0,
4.32,20.34,7.52,0.76,11.77,1.2,14.52,0.54,2.19,0.38,0,0,
3.64,15.69,7.39,0.94,12.3,1.25,16.44,0.61,2.28,0.23,0,0,
4.56,22.76,8.49,0.73,10.48,1.16,22.91,0.66,1.98,0.39,0,0,
3.44,18.0,7.64,0.86,12.42,1.14,18.8,0.69,1.95,0.3,0,0,
4.23,25.62,7.86,0.83,15.06,1.2,19.95,0.69,1.62,0.38,0,0,
4.88,23.24,8.74,0.9,10.44,1.28,22.08,0.61,1.97,0.43,0,0,
3.6,18.66,6.09,0.75,14.34,1.24,20.8,0.61,1.96,0.24,0,0,
3.77,23.84,9.32,0.74,15.0,1.08,14.73,0.61,1.6,0.45,1,0,
4.04,20.2,8.07,0.89,10.37,1.12,21.77,0.68,2.11,0.33,0,0,
3.8,22.56,7.59,0.83,9.09,1.11,20.9,0.72,1.61,0.26,0,1,0.0
3.38,21.45,7.91,0.68,12.6,1.12,20.45,0.69,1.8,0.29,0,0,
4.03,17.46,7.96,0.76,10.91,1.24,27.42,0.61,2.3,0.16,1,1,1.0
3.58,18.07,6.27,0.83,15.74,1.24,20.0,0.49,1.92,0.32,0,0,
4.19,23.09,9.49,0.87,12.07,1.17,20.03,0.55,1.8,0.36,0,0,
3.63,19.0,8.04,0.75,10.4,1.27,14.46,0.63,1.92,0.17,0,0,
4.62,18.79,8.44,0.57,9.71,1.31,21.49,0.53,2.41,0.29,0,0,
3.69,17.13,8.95,0.84,14.18,1.18,19.6,0.58,2.16,0.22,0,0,
3.87,21.27,6.98,0.7,10.86,1.12,22.0,0.45,1.83,0.25,0,0,
4.33,26.19,8.47,0.64,12.09,1.13,16.37,0.59,1.42,0.51,0,0,
3.51,16.8,7.73,0.57,13.91,1.13,22.02,0.58,2.22,0.24,0,0,
4.09,20.07,8.85,0.87,11.03,1.11,20.32,0.66,1.91,0.29,0,0,
4.52,24.24,5.87,0.81,11.91,1.16,19.44,0.45,1.67,0.36,0,0,
3.36,19.76,7.9,0.78,11.97,1.09,18.29,0.68,1.8,0.22,1,0,
4.07,21.36,7.4,0.91,13.37,1.17,18.44,0.55,2.05,0.26,0,0,
4.1,16.81,8.43,0.85,13.18,1.36,20.72,0.56,2.33,0.3,0,0,
4.31,21.28,8.47,0.93,11.56,1.18,15.49,0.64,2.07,0.3,0,0,
3.51,19.44,7.29,0.69,12.13,1.05,17.56,0.72,1.97,0.29,1,0,
3.47,22.96,7.29,0.8,11.26,1.13,14.97,0.59,1.57,0.26,0,0,
4.21,23.56,7.89,0.67,9.04,1.07,17.51,0.57,1.7,0.31,0,0,
4.12,27.77,7.1,0.78,12.52,0.93,17.84,0.43,1.16,0.49,0,0,
4.1,21.74,8.84,0.78,15.78,1.22,21.51,0.62,1.65,0.35,0,0,
4.14,20.98,7.63,0.85,10.23,1.17,20.76,0.6,1.93,0.41,0,0,
3.73,20.58,5.09,0.8,10.45,1.14,21.61,0.42,1.95,0.38,0,0,
4.09,18.94,7.63,0.85,10.26,1.27,22.63,0.45,2.03,0.27,0,0,
4.12,21.02,6.96,0.86,13.45,1.24,19.08,0.48,2.02,0.34,0,0,
3.71,19.11,6.37,0.97,12.9,1.17,17.91,0.63,1.88,0.27,0,0,
4.75,20.51,6.76,0.77,11.68,1.37,23.67,0.65,2.26,0.41,0,0,
4.19,23.95,8.11,0.72,10.16,1.0,20.5,0.53,1.75,0.44,0,0,
3.52,16.98,9.33,0.82,12.18,1.26,23.8,0.72,2.05,0.25,0,1,0.0
4.26,23.42,8.31,0.74,8.87,1.09,22.91,0.52,1.78,0.38,0,0,
3.61,23.95,7.39,0.92,12.29,1.09,14.84,0.68,1.41,0.45,1,1,1.0
4.31,19.65,8.46,0.78,13.74,1.26,21.13,0.64,2.23,0.32,0,0,
4.46,13.63,7.54,0.75,9.5,1.43,27.05,0.65,2.85,0.25,1,0,
3.67,18.18,7.31,0.76,8.93,1.24,22.8,0.43,2.06,0.15,0,0,
4.39,23.89,6.85,0.86,15.16,1.19,22.41,0.6,1.92,0.4,0,0,
4.17,19.93,6.25,0.79,10.78,1.26,20.5,0.51,2.14,0.27,0,1,0.0
4.33,17.0,7.61,0.75,14.27,1.29,19.05,0.65,2.36,0.33,0,0,
4.76,18.49,8.16,0.93,11.69,1.34,20.8,0.68,2.45,0.35,0,0,
3.9,22.52,7.9,0.73,11.68,1.11,19.16,0.6,1.7,0.35,0,0,
3.7,21.64,7.58,0.8,12.88,1.1,19.0,0.53,1.72,0.41,0,0,
3.64,19.28,7.05,0.85,10.23,1.21,15.64,0.62,2.18,0.37,0,0,
3.67,18.9,8.61,0.67,12.26,1.08,19.38,0.63,2.02,0.28,1,0,
3.97,18.82,6.68,0.84,11.24,1.25,22.36,0.46,1.9,0.4,0,0,
4.14,17.23,8.78,0.72,9.36,1.29,18.48,0.57,2.28,0.24,0,0,
4.11,24.85,7.0,0.87,12.67,1.03,21.33,0.43,1.37,0.39,0,0,
4.33,19.03,7.25,0.72,11.47,1.24,20.67,0.52,2.2,0.32,0,1,0.0
4.01,23.65,6.53,0.86,11.69,1.08,21.97,0.61,1.44,0.36,0,0,
4.58,24.56,7.5,0.89,9.58,0.97,18.44,0.59,1.69,0.4,0,0,
3.89,22.99,8.98,0.87,15.18,1.06,15.0,0.61,1.51,0.43,1,0,
5.09,18.71,8.52,0.82,13.75,1.36,23.63,0.69,2.6,0.28,0,0,
4.25,21.21,8.98,0.78,13.93,1.23,20.11,0.58,1.98,0.24,0,0,
3.66,19.93,8.52,0.75,11.39,1.11,17.5,0.63,1.9,0.32,0,0,
3.57,17.29,6.9,0.92,8.54,1.21,18.99,0.53,2.09,0.21,0,0,
4.19,20.97,7.67,0.74,15.91,1.28,21.29,0.65,1.84,0.36,0,1,0.0
3.91,16.46,7.22,0.72,11.88,1.34,20.9,0.43,2.37,0.26,0,0,
4.29,23.56,9.33,0.85,10.5,1.18,19.16,0.6,1.95,0.44,0,0,
4.19,18.61,6.8,0.74,12.83,1.25,16.33,0.41,2.26,0.32,0,0,
3.97,20.6,8.89,0.72,14.33,1.2,20.76,0.62,1.89,0.37,0,0,
3.66,20.85,8.89,0.68,11.95,1.11,17.95,0.74,1.64,0.28,0,0,
3.39,19.22,9.83,0.76,14.56,1.12,22.8,0.65,1.74,0.32,0,0,
3.82,21.76,7.59,0.79,14.17,1.14,15.59,0.54,1.8,0.43,0,0,
4.34,18.58,8.71,0.82,9.85,1.26,16.66,0.71,2.39,0.24,0,0,
4.09,22.61,10.28,0.88,10.65,1.21,20.89,0.8,1.8,0.44,0,0,
3.5,15.96,7.38,0.84,13.92,1.24,21.07,0.56,2.28,0.19,0,0,
4.07,20.38,6.46,0.78,6.57,1.23,17.06,0.58,2.06,0.26,0,0,
4.15,25.82,6.12,0.78,11.7,1.12,13.12,0.42,1.53,0.43,0,0,
3.65,17.0,8.71,0.84,9.14,1.29,24.7,0.75,2.09,0.28,0,0,
4.06,17.97,6.12,0.9,11.05,1.2,25.5,0.68,2.25,0.3,1,0,
4.02,21.54,7.63,0.81,11.4,1.18,11.86,0.62,1.77,0.28,0,0,
3.54,20.54,8.44,0.76,11.28,1.16,16.53,0.46,1.76,0.33,0,0,
4.14,21.05,8.19,0.72,10.9,1.23,25.04,0.56,1.99,0.29,1,0,
4.22,21.47,8.43,0.68,9.81,1.13,18.74,0.67,2.11,0.25,0,0,
4.43,21.9,8.22,0.85,16.58,1.18,19.31,0.58,1.85,0.29,0,0,
4.42,23.33,9.28,0.85,15.73,1.21,19.17,0.77,1.88,0.33,0,0,
3.45,21.23,7.05,0.85,9.68,1.04,13.82,0.6,1.8,0.35,1,0,
3.62,19.28,7.32,0.79,15.16,1.15,13.75,0.51,2.0,0.34,0,0,
4.21,22.02,7.23,0.91,11.2,1.25,22.97,0.56,1.96,0.27,0,0,
4.21,25.7,8.83,0.76,12.26,1.06,12.44,0.57,1.57,0.43,0,0,
4.21,19.6,8.9,0.88,11.87,1.21,21.76,0.63,2.25,0.23,0,0,
5.54,17.08,8.45,0.8,10.68,1.47,30.29,0.58,2.8,0.27,1,0,
4.23,23.32,9.18,0.75,13.97,1.15,14.9,0.75,1.62,0.34,0,0,
4.45,19.64,6.82,0.85,12.25,1.21,19.22,0.71,2.22,0.24,0,0,
4.38,13.48,9.67,0.83,11.05,1.44,28.42,0.57,2.59,0.21,1,1,1.0
4.26,22.54,9.52,0.83,9.39,1.18,21.37,0.52,1.97,0.32,0,0,
3.87,18.39,8.74,0.81,10.21,1.29,18.45,0.62,2.23,0.25,0,0,
4.3,19.73,9.78,0.8,8.72,1.29,24.96,0.57,2.11,0.18,0,0,
3.69,21.0,6.34,0.99,12.02,1.09,21.89,0.52,1.74,0.37,1,0,
3.91,20.57,7.48,0.89,9.61,1.23,20.14,0.63,1.9,0.35,0,0,
3.81,22.13,7.26,0.86,11.47,1.09,15.46,0.68,1.71,0.34,1,1,1.0
4.03,18.69,8.72,0.81,14.74,1.18,19.54,0.65,2.16,0.2,0,0,
4.93,21.54,6.95,0.88,14.4,1.28,23.79,0.53,2.27,0.39,0,0,
3.25,19.22,8.76,0.84,11.94,1.18,16.84,0.48,1.76,0.25,0,0,
4.27,22.22,9.37,0.8,11.83,1.18,22.81,0.67,1.98,0.32,0,0,
3.35,21.85,8.7,0.78,15.76,1.05,11.91,0.64,1.6,0.45,1,0,
3.81,17.19,8.28,0.79,13.04,1.34,16.17,0.67,2.14,0.21,0,0,
4.44,23.26,7.01,0.55,11.34,1.1,20.66,0.49,1.98,0.4,0,0,
4.03,18.39,7.15,0.82,9.15,1.19,19.43,0.52,2.04,0.3,0,0,
3.57,22.42,9.25,0.76,12.79,0.98,15.18,0.54,1.58,0.37,1,0,
3.71,21.1,8.78,0.93,13.66,1.14,13.0,0.46,1.87,0.34,0,0,
4.27,25.51,7.96,0.8,10.74,1.08,18.39,0.51,1.48,0.43,0,0,
3.71,19.33,7.58,0.7,12.58,1.25,19.01,0.45,1.98,0.3,0,0,
4.09,18.95,5.97,0.8,11.27,1.26,22.83,0.53,2.19,0.28,0,0,
4.02,19.94,6.93,0.72,11.63,1.18,20.31,0.51,1.93,0.37,0,0,
3.74,19.09,9.91,0.84,7.02,1.19,19.01,0.65,1.98,0.22,0,1,0.0
4.86,22.4,6.72,0.82,11.56,1.26,25.76,0.46,2.09,0.4,1,0,
4.25,15.15,8.19,0.88,13.94,1.3,19.5,0.35,2.53,0.24,0,1,0.0
3.19,16.84,9.01,0.74,10.74,1.31,19.95,0.77,2.22,0.27,0,0,
4.07,16.8,6.75,0.8,12.11,1.33,16.89,0.46,2.27,0.29,0,1,0.0
3.74,22.85,8.18,0.69,10.49,1.09,15.0,0.58,1.71,0.35,1,0,
4.34,25.13,8.94,0.86,12.72,1.13,15.16,0.53,1.58,0.31,0,0,
3.68,19.69,8.01,0.84,11.57,1.2,21.23,0.68,1.8,0.29,0,0,
3.95,19.49,10.87,0.84,10.12,1.2,19.87,0.75,2.04,0.24,0,0,
4.2,20.21,6.33,0.8,14.67,1.19,20.66,0.45,2.12,0.27,0,0,
4.35,23.49,9.06,0.83,13.86,1.18,16.32,0.62,1.88,0.31,0,0,
3.52,17.22,7.83,0.93,10.79,1.23,18.57,0.73,2.24,0.22,0,0,
3.87,20.72,8.77,0.78,13.0,1.12,16.82,0.63,2.17,0.28,0,0,
3.81,22.93,8.44,0.81,13.07,1.15,18.93,0.61,1.66,0.24,0,0,
3.74,21.5,7.27,0.71,13.28,1.13,15.23,0.49,1.68,0.37,0,0,
4.71,20.57,8.23,0.73,8.61,1.33,26.53,0.46,2.27,0.42,1,0,
4.16,23.0,6.14,0.81,14.01,1.2,14.12,0.49,1.74,0.39,0,0,
3.5,11.89,8.6,0.89,10.86,1.37,19.62,0.66,2.7,0.13,0,0,
4.37,22.03,8.3,0.78,11.28,1.21,25.48,0.7,1.81,0.34,1,0,
4.85,18.04,8.64,0.78,17.28,1.43,23.07,0.45,2.77,0.24,0,0,
4.41,14.51,9.06,0.77,12.6,1.39,20.45,0.56,2.8,0.19,0,0,
3.39,21.53,8.37,0.76,11.23,1.07,17.46,0.57,1.44,0.33,1,0,
3.81,24.12,8.15,0.82,7.59,1.05,15.74,0.61,1.44,0.34,1,0,
4.51,19.59,7.12,0.68,14.78,1.24,19.73,0.54,2.33,0.38,0,0,
3.72,22.86,7.29,0.9,9.31,1.19,14.15,0.55,1.72,0.28,0,0,
4.18,24.84,9.19,0.75,9.99,1.01,26.6,0.69,1.46,0.43,1,0,
4.31,23.94,9.44,0.86,11.34,1.06,18.51,0.6,1.8,0.37,0,0,
3.63,24.92,7.76,0.7,14.83,1.06,10.28,0.66,1.16,0.49,1,0,
3.98,22.23,8.05,0.85,13.55,1.17,23.27,0.64,1.76,0.36,0,1,0.0
2.7,20.23,7.1,0.85,11.68,0.95,16.53,0.53,1.57,0.29,1,0,
3.59,15.19,9.17,0.83,12.62,1.31,18.46,0.79,2.26,0.19,0,0,
3.9,19.26,8.67,0.72,10.8,1.28,17.17,0.76,1.88,0.29,0,0,
3.5,17.47,9.94,0.82,12.28,1.2,21.29,0.77,2.07,0.19,0,1,0.0
4.65,26.51,7.12,0.71,12.15,1.23,18.61,0.31,1.55,0.39,0,0,
3.43,19.47,7.62,0.78,13.94,1.04,12.2,0.71,1.89,0.2,1,1,1.0
3.82,20.37,8.23,0.88,13.93,1.2,24.47,0.68,1.8,0.26,0,0,
4.05,21.65,8.65,0.86,12.99,1.22,18.08,0.79,1.78,0.34,0,0,
4.58,20.13,7.78,0.8,11.28,1.33,26.73,0.69,2.02,0.32,1,0,
3.43,25.09,7.13,0.72,13.48,0.95,19.0,0.68,1.28,0.3,1,1,1.0
4.47,18.13,8.88,0.85,11.82,1.31,19.79,0.71,2.36,0.26,0,0,
4.0,20.58,8.72,0.8,9.84,1.21,22.82,0.74,1.82,0.34,0,0,
3.61,17.77,7.08,0.61,11.19,1.25,17.59,0.71,2.09,0.25,0,0,
4.18,16.04,9.36,0.86,12.17,1.38,17.12,0.69,2.57,0.19,0,0,
4.08,18.16,9.17,0.8,13.82,1.32,19.96,0.53,2.19,0.24,0,0,
3.76,19.89,8.13,0.9,11.63,1.12,20.29,0.58,1.94,0.27,0,0,
4.03,18.71,8.08,0.71,9.58,1.23,19.37,0.64,2.17,0.24,0,0,
3.85,17.92,8.55,0.55,12.11,1.19,19.5,0.63,2.03,0.27,0,0,
4.05,15.78,7.14,0.82,12.23,1.31,25.72,0.46,2.65,0.33,1,0,
4.26,19.75,8.03,0.82,12.37,1.3,21.5,0.47,2.08,0.26,0,0,
4.63,15.49,5.85,0.66,13.84,1.44,22.26,0.43,2.77,0.19,0,0,
3.5,22.28,8.88,0.72,14.04,1.19,18.99,0.71,1.65,0.34,0,0,
4.85,20.25,6.44,1.02,10.81,1.33,23.88,0.65,2.3,0.27,0,0,
3.22,15.63,9.5,0.78,10.77,1.22,11.5,0.75,2.19,0.27,0,0,
3.94,19.07,7.67,0.86,9.92,1.22,21.51,0.67,2.09,0.16,0,0,
4.24,17.74,7.79,0.75,13.4,1.27,23.25,0.58,2.18,0.23,0,0,
4.11,20.96,7.37,0.63,14.9,1.19,20.03,0.43,1.92,0.36,0,0,
3.75,24.02,7.71,0.79,11.37,1.1,19.67,0.55,1.44,0.37,1,0,
3.92,14.37,9.42,0.78,11.52,1.36,20.46,0.65,2.48,0.15,0,0,
3.8,20.35,5.51,0.77,14.93,1.12,20.05,0.44,1.76,0.33,0,0,
3.76,19.52,9.28,0.79,13.01,1.13,14.6,0.67,2.07,0.34,0,0,
4.34,22.01,8.34,0.82,12.87,1.17,21.57,0.65,2.09,0.35,0,0,
4.14,20.64,6.79,0.79,9.62,1.21,26.11,0.61,2.09,0.27,1,1,1.0
3.72,17.74,6.92,0.7,13.36,1.29,17.03,0.52,2.24,0.28,0,0,
4.36,19.04,9.68,0.84,10.14,1.22,19.64,0.53,2.21,0.26,0,0,
4.12,17.61,7.05,0.64,9.73,1.27,19.56,0.51,2.22,0.29,0,0,
4.33,23.23,6.85,0.64,11.31,1.16,20.08,0.55,1.73,0.44,0,0,
4.25,20.06,9.14,0.86,10.83,1.14,17.79,0.75,2.16,0.17,0,0,
3.67,25.7,8.34,0.84,11.56,0.94,17.09,0.57,1.32,0.42,1,0,
3.78,19.82,7.06,0.8,9.12,1.14,21.74,0.59,1.92,0.21,0,0,
4.3,17.87,8.22,0.69,13.92,1.27,23.86,0.63,2.46,0.38,0,0,
4.24,15.46,6.97,0.74,14.26,1.38,17.94,0.55,2.59,0.19,0,0,
3.99,14.59,9.1,0.78,8.11,1.35,25.66,0.73,2.45,0.23,1,0,
4.05,15.25,9.06,0.67,13.96,1.32,25.38,0.6,2.43,0.2,1,1,1.0
4.51,20.8,8.53,0.74,10.38,1.27,24.13,0.58,2.19,0.28,0,0,
3.76,21.53,8.36,0.85,13.71,1.2,19.41,0.62,1.86,0.28,0,0,
4.22,15.26,9.76,0.91,11.86,1.46,23.91,0.64,2.62,0.28,0,0,
3.92,22.69,8.0,0.77,12.06,1.01,21.43,0.64,1.89,0.4,1,0,
3.91,18.55,6.82,0.86,11.63,1.26,26.15,0.48,2.27,0.37,1,0,
4.44,20.44,8.45,0.65,14.42,1.24,18.68,0.64,2.18,0.31,0,0,
4.33,24.84,10.09,0.85,9.52,1.11,22.14,0.7,1.56,0.41,0,0,
4.33,22.69,6.99,0.74,13.22,1.15,19.7,0.57,1.73,0.34,0,0,
4.52,19.19,7.64,0.82,14.2,1.31,22.1,0.55,2.25,0.27,0,0,
4.01,17.33,8.42,0.78,13.43,1.29,16.76,0.59,2.35,0.19,0,0,
4.27,13.54,7.95,0.91,16.65,1.41,23.46,0.6,2.94,0.18,0,1,0.0
3.88,17.84,7.02,0.73,10.94,1.2,17.59,0.57,2.21,0.22,0,0,
4.13,19.37,9.12,0.85,13.91,1.22,19.44,0.66,2.23,0.31,0,0,
3.95,17.04,10.32,0.78,11.79,1.29,17.98,0.85,2.25,0.25,0,0,
4.04,19.61,8.2,0.79,14.47,1.25,19.01,0.53,2.12,0.31,0,0,
4.24,20.23,7.1,0.79,11.98,1.27,19.62,0.55,2.15,0.39,0,0,
3.67,19.33,6.45,0.73,11.22,1.15,19.32,0.4,1.74,0.28,0,0,
4.84,18.05,8.26,0.8,14.61,1.4,19.48,0.64,2.49,0.3,0,0,
3.6,20.51,9.1,0.79,11.02,1.17,13.8,0.57,1.88,0.41,0,0,
3.51,21.33,8.48,0.82,9.17,1.15,18.48,0.6,1.7,0.39,0,0,
4.46,16.73,8.0,0.81,10.97,1.36,21.1,0.57,2.39,0.29,0,0,
4.32,24.23,7.41,0.86,13.24,1.11,22.37,0.59,1.46,0.37,0,0,
4.25,19.7,6.91,0.87,14.78,1.26,21.82,0.5,2.09,0.31,0,1,0.0
4.25,20.06,8.83,0.72,12.22,1.18,22.8,0.59,2.09,0.24,0,0,
4.0,22.12,8.91,0.87,14.64,1.13,23.15,0.76,1.7,0.37,0,0,
3.64,20.7,6.45,0.71,9.28,1.16,17.29,0.55,1.8,0.33,0,0,
4.03,22.86,9.59,0.85,11.11,1.15,16.97,0.63,1.78,0.36,0,1,0.0
3.73,20.86,8.57,0.85,11.42,1.12,21.1,0.61,1.87,0.37,0,0,
4.39,18.16,9.4,0.65,11.77,1.32,24.01,0.8,2.1,0.2,0,0,
3.94,21.08,6.66,0.81,12.17,1.12,18.66,0.51,1.74,0.4,0,1,0.0
3.67,16.57,6.63,0.76,13.38,1.29,24.57,0.48,2.18,0.28,0,0,
3.87,20.33,7.85,0.74,11.11,1.17,18.69,0.54,1.97,0.3,0,1,0.0
4.17,19.9,8.5,0.91,12.28,1.21,20.81,0.58,2.12,0.29,0,0,
3.77,19.38,9.8,0.75,11.91,1.17,19.47,0.64,2.02,0.31,0,1,0.0
3.67,19.61,8.71,0.74,10.15,1.16,16.07,0.53,1.87,0.37,0,0,
4.1,14.35,7.76,0.81,11.77,1.36,23.45,0.5,2.57,0.19,0,0,
4.1,18.35,6.97,0.85,11.71,1.3,25.41,0.48,2.13,0.27,1,0,
3.8,20.28,9.23,0.79,11.67,1.14,20.38,0.71,1.97,0.31,0,1,0.0
3.81,20.48,7.04,0.89,12.06,1.24,19.1,0.52,1.78,0.4,0,0,
4.09,16.92,9.63,0.84,12.15,1.38,21.43,0.66,2.43,0.22,0,0,
3.42,23.8,7.72,0.63,11.14,0.95,16.78,0.69,1.41,0.37,1,0,
3.44,17.4,9.59,0.76,14.55,1.2,21.3,0.78,2.03,0.32,0,0,
3.71,22.91,8.68,0.76,9.66,1.04,19.22,0.61,1.53,0.37,1,0,
3.91,21.28,7.86,0.84,10.56,1.13,18.02,0.54,1.7,0.38,0,0,
4.12,18.06,7.48,0.59,17.56,1.38,22.44,0.5,2.18,0.22,0,0,
4.59,25.33,7.66,1.0,9.92,1.11,21.14,0.64,1.67,0.4,0,0,
4.34,16.42,8.43,0.84,9.29,1.38,20.14,0.61,2.26,0.3,0,0,
3.94,22.76,8.08,0.81,13.47,1.13,18.87,0.57,1.68,0.32,0,0,
3.99,23.0,7.41,0.89,7.85,1.06,11.98,0.51,1.79,0.35,1,0,
3.6,17.99,7.83,0.99,11.53,1.16,20.85,0.53,2.1,0.27,0,0,
3.99,24.18,8.08,0.87,16.29,1.01,19.86,0.63,1.53,0.33,1,0,
3.88,19.25,5.87,0.88,8.91,1.16,22.16,0.39,2.03,0.26,0,0,
4.13,20.87,8.46,0.81,8.04,1.05,18.9,0.7,1.91,0.32,0,0,
3.67,20.78,7.02,0.79,9.0,1.15,19.21,0.51,1.8,0.32,0,0,
4.21,19.6,6.85,0.76,13.8,1.35,25.3,0.53,2.28,0.36,1,0,
4.61,22.43,6.31,0.73,14.25,1.23,25.48,0.41,2.1,0.43,1,1,1.0
3.96,22.38,6.21,0.75,10.97,1.05,18.55,0.51,1.8,0.3,1,0,
4.16,14.75,6.64,0.69,13.37,1.35,23.68,0.51,2.54,0.2,0,0,
4.28,23.91,7.29,0.79,14.78,1.1,22.48,0.56,1.79,0.41,0,0,
3.84,15.01,9.95,0.67,15.57,1.27,17.35,0.82,2.27,0.28,0,0,
4.09,23.1,7.47,0.82,11.51,1.16,17.84,0.59,1.7,0.4,0,0,
4.01,23.38,8.18,0.8,7.4,1.14,22.34,0.55,1.72,0.38,0,0,
4.04,16.73,8.4,0.81,10.36,1.25,24.72,0.56,2.42,0.27,0,1,0.0
3.69,18.77,8.13,0.76,11.15,1.23,20.49,0.65,2.07,0.31,0,0,
4.01,16.68,7.92,1.05,11.48,1.38,17.18,0.7,2.37,0.19,0,0,
4.2,19.36,6.8,0.91,11.62,1.34,20.97,0.56,2.12,0.3,0,0,
4.58,19.08,9.45,0.7,14.24,1.46,21.01,0.73,2.38,0.35,0,0,
4.38,22.34,9.81,0.82,14.55,1.14,21.36,0.74,1.82,0.34,0,0,
4.86,23.93,6.32,0.75,11.66,1.35,19.05,0.63,1.87,0.39,0,0,
3.69,24.19,6.98,0.72,14.2,1.01,13.6,0.39,1.46,0.37,1,0,
4.35,18.31,7.72,0.69,12.72,1.27,16.04,0.64,2.33,0.15,0,0,
4.07,19.37,7.04,0.83,12.13,1.25,24.27,0.63,1.91,0.29,0,0,
4.88,14.95,8.51,0.75,13.81,1.45,24.83,0.52,2.9,0.21,0,0,
3.68,17.58,7.27,0.88,12.14,1.24,20.39,0.49,2.19,0.23,0,0,
3.66,22.89,10.17,0.88,16.12,1.0,17.2,0.64,1.57,0.3,1,0,
3.76,24.85,9.19,0.91,9.12,1.01,13.42,0.6,1.66,0.35,1,1,1.0
3.15,16.3,8.21,0.73,10.97,1.25,14.68,0.57,1.96,0.26,0,0,
3.79,18.22,9.03,0.84,11.75,1.22,17.03,0.67,2.06,0.36,0,1,0.0
3.7,19.92,9.11,0.85,12.88,1.16,16.66,0.72,1.85,0.37,0,0,
4.06,20.84,7.44,0.76,14.54,1.21,20.92,0.66,1.93,0.25,0,0,
4.14,17.57,7.18,0.74,11.95,1.35,19.37,0.49,2.26,0.29,0,0,
4.75,21.27,8.08,0.93,9.16,1.19,27.61,0.54,2.03,0.29,1,0,
4.38,18.58,8.86,0.82,13.69,1.33,25.31,0.75,2.24,0.24,1,0,
3.77,19.96,8.14,0.85,13.51,1.15,21.52,0.66,1.9,0.28,0,0,
3.64,21.64,6.42,0.73,8.12,1.11,17.38,0.53,1.82,0.37,0,1,0.0
4.2,20.02,7.2,0.7,11.99,1.28,25.32,0.6,2.3,0.35,1,0,
3.47,18.69,7.93,0.75,8.82,1.1,17.89,0.59,2.05,0.27,0,0,
4.73,19.67,7.92,0.79,10.67,1.27,23.0,0.64,2.25,0.29,0,0,
4.47,19.73,9.97,0.71,10.19,1.18,22.53,0.67,2.15,0.32,0,0,
3.81,18.89,6.61,0.8,13.62,1.18,21.91,0.55,2.02,0.31,0,0,
3.31,19.22,8.51,0.66,12.23,1.19,19.56,0.5,1.98,0.34,0,0,
4.54,24.8,9.49,0.71,9.43,1.13,18.34,0.62,1.72,0.33,0,0,
3.95,21.68,10.27,0.85,13.76,1.08,17.38,0.66,1.68,0.33,1,1,1.0
4.5,19.11,7.6,0.85,9.13,1.28,24.34,0.55,2.24,0.23,0,1,0.0
3.36,22.09,8.49,0.77,12.66,0.97,18.55,0.55,1.61,0.34,1,0,
3.76,19.0,8.57,0.72,10.37,1.14,18.36,0.59,2.07,0.27,0,0,
4.0,23.52,8.2,0.72,11.27,1.11,13.49,0.49,1.63,0.37,0,0,
4.02,21.11,7.9,0.77,13.01,1.11,18.9,0.64,1.96,0.28,0,0,
3.82,19.68,8.44,0.85,13.04,1.24,21.31,0.62,1.73,0.22,0,0,
4.25,21.34,5.47,0.87,14.67,1.19,25.74,0.34,1.98,0.22,1,0,
3.57,15.29,8.68,0.76,11.84,1.28,17.05,0.57,2.39,0.2,0,0,
3.94,16.62,8.13,0.71,12.61,1.28,20.18,0.63,2.23,0.21,0,0,
4.05,16.42,7.78,0.82,11.12,1.35,20.82,0.55,2.29,0.19,0,0,
4.21,20.43,10.05,0.73,12.36,1.26,24.68,0.65,1.85,0.37,0,0,
4.28,25.2,7.33,0.76,12.88,1.1,18.43,0.56,1.75,0.36,0,0,
3.55,26.69,7.6,0.91,11.8,0.96,12.13,0.61,1.08,0.5,1,0,
3.39,21.91,9.99,0.87,8.39,1.04,18.26,0.58,1.59,0.42,1,0,
4.51,21.5,7.17,0.81,12.66,1.26,20.08,0.6,2.11,0.23,0,0,
4.13,14.6,7.45,0.7,12.73,1.37,19.56,0.51,2.74,0.2,0,0,
3.7,18.37,7.85,0.82,10.64,1.2,16.94,0.59,2.03,0.25,0,0,
4.62,17.64,8.84,0.89,9.43,1.35,28.87,0.64,2.43,0.11,1,0,
4.05,18.14,8.21,0.77,14.95,1.24,22.27,0.57,2.22,0.19,0,0,
4.47,19.5,6.71,0.91,12.98,1.25,22.46,0.45,2.37,0.33,0,0,
4.03,18.58,7.47,0.9,11.54,1.27,20.07,0.55,2.14,0.37,0,0,
4.82,14.06,7.39,0.93,9.73,1.57,27.14,0.7,2.83,0.23,1,0,
4.7,22.24,7.92,0.82,10.36,1.3,22.53,0.49,1.9,0.36,0,0,
3.9,16.78,8.43,0.85,14.61,1.22,22.09,0.76,2.16,0.23,0,0,
4.39,20.72,8.42,0.91,12.28,1.3,21.54,0.6,2.17,0.4,0,0,
4.26,26.22,6.22,0.84,10.9,1.04,20.53,0.51,1.45,0.53,0,0,
4.55,17.24,9.06,0.76,13.02,1.39,23.64,0.57,2.43,0.22,0,0,
3.61,12.41,8.25,0.76,10.37,1.32,19.32,0.55,2.53,0.05,0,0,
4.27,19.14,9.38,0.82,15.0,1.27,19.69,0.63,2.2,0.18,0,0,
4.42,23.3,8.44,0.7,14.71,1.18,14.1,0.54,1.82,0.43,0,0,
3.3,25.88,9.1,0.79,11.07,0.84,20.33,0.64,1.1,0.42,1,0,
3.53,16.31,8.47,0.89,10.74,1.27,22.54,0.59,2.31,0.24,0,0,
3.18,21.49,9.35,0.62,6.76,1.1,13.5,0.82,1.68,0.24,0,0,
3.89,18.6,8.52,0.92,9.04,1.22,19.42,0.53,1.94,0.23,0,0,
4.29,19.68,7.9,0.89,9.32,1.32,19.4,0.6,2.18,0.28,0,0,
4.6,27.93,10.27,0.76,12.27,1.04,23.06,0.73,1.37,0.47,0,0,
4.03,15.49,8.89,0.84,11.35,1.38,18.11,0.56,2.44,0.19,0,0,
4.65,20.76,8.57,0.8,9.31,1.16,22.57,0.68,2.22,0.26,0,0,
3.45,21.4,6.72,0.9,11.44,1.2,16.76,0.5,1.62,0.29,0,0,
3.32,23.26,6.71,0.88,13.01,1.07,18.13,0.34,1.42,0.43,1,1,1.0
3.98,20.29,8.29,0.69,13.06,1.17,19.45,0.67,2.03,0.32,0,0,
4.15,20.92,8.15,0.85,8.2,1.1,14.88,0.52,2.0,0.35,0,0,
3.99,18.83,7.39,0.78,11.74,1.25,19.78,0.49,2.05,0.23,0,0,
3.17,20.81,8.14,0.81,9.23,0.98,13.37,0.66,1.53,0.17,1,0,
3.96,18.97,9.59,0.74,13.8,1.25,20.61,0.65,1.94,0.25,0,0,
3.48,21.86,8.7,0.94,13.57,1.09,21.28,0.71,1.52,0.29,1,0,
4.27,18.89,6.86,0.88,10.2,1.23,16.41,0.64,2.41,0.3,0,0,
4.15,21.13,7.89,0.74,10.47,1.24,17.62,0.54,1.87,0.49,0,0,
3.62,19.91,7.2,0.69,11.08,1.19,16.88,0.62,1.74,0.33,0,0,
3.79,23.38,7.61,0.77,7.49,1.12,16.34,0.52,1.61,0.5,0,0,
3.58,19.85,7.59,0.83,12.67,1.14,20.6,0.76,1.83,0.33,0,0,
3.97,14.68,7.52,0.82,11.45,1.29,22.04,0.52,2.5,0.16,0,0,
4.38,23.79,6.74,0.9,13.94,1.19,20.88,0.62,1.92,0.39,0,0,
3.61,17.28,7.87,0.86,9.8,1.21,17.9,0.66,2.17,0.33,0,0,
4.2,18.04,7.44,0.88,10.76,1.22,22.48,0.6,2.22,0.35,0,0,
3.79,18.21,5.07,0.83,8.99,1.29,22.38,0.4,2.05,0.24,0,0,
3.68,24.12,10.05,0.69,9.99,1.13,14.47,0.69,1.41,0.4,0,0,
3.96,13.59,9.09,0.78,9.64,1.38,25.38,0.48,2.71,0.1,1,0,
3.59,29.41,7.62,0.88,13.99,0.96,13.79,0.6,0.86,0.53,1,0,
3.78,23.17,8.02,0.8,10.6,1.08,20.67,0.63,1.42,0.44,1,1,1.0
3.52,20.67,6.83,0.84,12.25,1.09,17.14,0.55,1.74,0.32,1,0,
4.79,19.84,9.7,0.77,11.24,1.29,24.37,0.45,2.18,0.26,0,0,
4.01,20.86,9.9,0.72,9.46,1.26,19.51,0.59,2.14,0.34,0,0,
3.72,21.56,8.16,0.79,11.66,1.07,17.81,0.55,1.64,0.35,1,0,
4.09,21.94,9.02,0.82,13.2,1.19,20.15,0.67,1.82,0.34,0,0,
3.96,21.67,8.18,0.75,9.58,1.12,20.6,0.63,1.84,0.34,0,0,
3.91,20.27,6.66,0.78,13.62,1.16,15.76,0.52,1.91,0.3,0,1,0.0
4.25,19.41,7.59,0.72,10.3,1.31,25.58,0.63,2.13,0.34,1,0,
4.3,19.55,8.13,0.89,11.03,1.24,15.86,0.52,2.21,0.33,0,0,
3.79,19.42,7.55,0.78,13.06,1.17,17.39,0.63,2.13,0.24,0,1,0.0
3.77,23.4,7.78,0.92,10.67,1.12,17.1,0.63,1.64,0.32,0,0,
3.89,21.78,7.91,0.92,12.08,1.21,19.91,0.63,1.93,0.32,0,0,
3.08,11.18,7.92,0.79,11.37,1.36,25.46,0.58,2.41,0.16,1,0,
3.39,21.97,8.05,0.72,12.26,1.02,11.02,0.75,1.59,0.35,1,0,
4.55,20.58,6.94,0.63,7.24,1.24,20.37,0.59,2.18,0.28,0,0,
4.66,19.94,7.28,0.68,8.34,1.3,16.28,0.49,2.3,0.31,0,0,
3.9,18.83,6.72,0.69,13.23,1.24,20.28,0.56,2.21,0.26,0,0,
4.23,23.37,8.98,0.91,14.07,1.08,20.05,0.71,1.73,0.41,0,0,
4.12,22.84,5.89,0.81,10.18,1.17,23.85,0.45,1.72,0.37,0,0,
5.23,17.68,9.15,0.83,11.51,1.46,26.45,0.74,2.78,0.24,1,0,
4.45,21.22,9.39,0.62,12.59,1.14,24.31,0.7,1.88,0.34,0,0,
3.95,17.09,7.7,0.7,13.39,1.23,23.0,0.4,2.25,0.31,0,0,
3.62,15.86,5.4,0.87,7.94,1.24,19.23,0.49,2.25,0.19,0,0,
3.36,18.12,7.64,0.82,10.23,1.16,14.14,0.55,1.84,0.28,0,0,
4.08,22.59,7.94,0.79,11.33,1.23,19.86,0.64,1.88,0.35,0,1,0.0
3.7,22.86,6.99,0.85,13.41,1.08,12.88,0.63,1.49,0.38,1,1,1.0
3.43,21.54,7.48,0.93,17.0,1.03,20.84,0.59,1.6,0.3,1,0,
3.74,22.18,9.53,0.78,11.54,1.11,17.39,0.81,1.71,0.35,0,0,
3.57,21.55,8.66,0.81,9.19,1.07,21.08,0.62,1.81,0.39,1,0,
4.67,18.08,7.08,0.82,12.8,1.38,22.22,0.6,2.46,0.21,0,1,0.0
4.35,21.3,6.4,0.99,14.64,1.24,21.57,0.58,2.11,0.26,0,0,
4.0,22.4,7.67,0.63,12.22,1.19,19.41,0.58,1.83,0.28,0,0,
4.59,22.26,7.79,0.85,10.19,1.22,21.1,0.65,2.02,0.29,0,0,
4.03,23.57,8.5,0.79,13.92,1.18,17.04,0.58,1.55,0.4,0,0,
3.66,22.12,7.46,0.85,13.33,1.13,18.74,0.54,1.51,0.27,0,0,
4.61,21.05,8.51,0.75,9.95,1.22,19.13,0.52,2.15,0.31,0,0,
4.22,23.21,9.94,0.8,12.76,1.25,15.63,0.72,1.71,0.4,0,0,
3.59,19.92,8.82,0.86,13.99,1.16,22.11,0.67,1.93,0.32,0,0,
3.92,17.35,7.95,1.05,14.36,1.23,23.2,0.69,2.31,0.23,0,0,
3.65,19.51,7.82,0.86,11.87,1.24,19.04,0.65,1.89,0.3,0,0,
3.45,17.77,7.64,0.73,11.28,1.29,23.9,0.56,1.89,0.26,0,0,
4.37,17.97,9.18,0.77,14.45,1.31,21.69,0.56,2.4,0.25,0,0,
4.76,19.57,7.37,0.76,9.58,1.3,27.24,0.6,2.25,0.28,1,0,
3.44,17.62,8.05,0.66,12.88,1.18,19.48,0.69,1.94,0.36,0,1,0.0
4.23,19.08,8.05,0.77,9.26,1.3,18.29,0.66,2.08,0.32,0,0,
3.74,14.32,7.5,0.86,14.13,1.4,27.34,0.66,2.45,0.31,1,0,
3.81,20.64,6.63,0.7,11.48,1.18,21.87,0.51,1.98,0.29,0,0,
3.76,20.0,8.32,0.88,14.54,1.17,18.69,0.58,1.9,0.3,0,0,
3.65,17.55,7.94,0.84,12.98,1.3,22.02,0.54,2.06,0.18,0,0,
4.02,21.98,8.5,0.74,9.55,1.13,17.88,0.62,1.66,0.3,0,0,
3.67,22.81,7.47,0.79,14.85,1.12,19.75,0.57,1.64,0.45,0,1,0.0
4.11,15.18,9.22,0.93,15.1,1.35,15.67,0.68,2.45,0.18,0,1,0.0
3.98,17.71,7.12,0.86,13.76,1.29,18.0,0.55,2.23,0.35,0,1,0.0
3.9,17.69,9.71,0.8,10.48,1.25,23.71,0.67,2.16,0.19,0,0,
3.64,17.18,6.25,0.78,11.39,1.23,19.21,0.45,2.22,0.19,0,0,
3.77,22.49,8.43,0.81,12.29,1.07,18.46,0.7,1.64,0.33,1,0,
4.3,19.42,8.48,0.76,10.59,1.33,17.46,0.63,2.17,0.29,0,0,
4.2,19.21,7.2,0.63,15.38,1.22,26.74,0.55,2.21,0.33,1,0,
3.61,13.99,8.42,0.96,12.29,1.28,25.01,0.56,2.66,0.2,1,0,
4.04,21.91,9.28,0.81,6.59,1.25,18.6,0.56,1.91,0.32,0,0,
4.3,16.28,5.78,0.83,12.68,1.41,21.85,0.59,2.48,0.22,0,0,
3.33,20.18,8.5,0.8,11.3,0.98,20.33,0.67,1.72,0.29,1,0,
4.22,20.83,5.51,0.74,11.85,1.18,26.4,0.35,1.95,0.27,1,1,1.0
3.73,24.08,7.03,0.79,11.26,0.95,19.76,0.61,1.39,0.34,1,0,
4.23,16.07,9.63,0.67,13.61,1.3,29.39,0.76,2.43,0.27,1,0,
3.69,10.94,7.42,0.98,14.24,1.27,20.54,0.58,2.71,0.03,0,0,
3.28,20.55,6.83,0.7,12.57,1.07,14.38,0.67,1.72,0.39,1,0,
3.35,25.4,7.8,0.72,11.32,0.88,11.13,0.61,1.09,0.39,1,0,
4.02,23.72,10.07,0.76,11.92,1.09,19.54,0.59,1.77,0.34,0,0,
4.1,20.63,6.17,0.9,12.04,1.12,20.63,0.54,2.05,0.35,0,0,
3.64,18.53,6.95,0.8,10.4,1.19,18.83,0.57,2.0,0.34,0,0,
4.26,22.42,9.5,0.7,13.16,1.14,22.24,0.63,1.86,0.4,0,0,
3.34,17.08,9.86,0.9,12.92,1.26,22.5,0.74,1.97,0.27,0,1,0.0
3.97,21.43,7.9,0.86,15.08,1.22,14.6,0.46,1.87,0.38,0,0,
3.52,21.52,6.76,0.84,14.51,1.12,15.51,0.62,1.76,0.24,0,0,
3.74,23.18,10.1,0.86,10.63,1.05,19.83,0.63,1.51,0.34,1,0,
4.02,28.28,9.59,0.99,13.64,1.05,14.53,0.6,1.03,0.42,0,0,
3.66,21.18,8.68,0.97,10.1,1.04,15.64,0.62,1.81,0.38,1,0,
3.85,18.47,7.19,0.75,13.39,1.15,23.2,0.59,2.12,0.25,0,0,
4.4,19.92,7.95,0.93,10.97,1.26,17.78,0.61,2.06,0.34,0,0,
3.77,14.69,7.84,0.83,9.95,1.44,20.83,0.53,2.37,0.22,0,0,
4.33,17.92,8.33,0.84,12.56,1.3,23.37,0.58,2.26,0.22,0,1,0.0
3.55,18.77,9.45,0.66,6.65,1.16,17.08,0.58,1.87,0.25,0,0,
4.21,18.43,8.88,0.79,8.5,1.21,23.98,0.63,2.21,0.33,0,0,
4.58,20.46,6.92,0.73,11.65,1.32,20.37,0.63,2.16,0.27,0,0,
3.01,17.53,9.38,0.87,12.16,1.17,21.5,0.67,1.79,0.26,0,0,
3.68,23.36,8.31,0.89,11.26,1.09,16.67,0.68,1.46,0.33,1,0,
4.23,20.0,8.69,0.63,8.84,1.2,22.94,0.75,2.07,0.28,0,0,
3.92,19.97,9.47,0.8,10.36,1.15,21.93,0.63,1.99,0.3,0,0,
4.15,19.02,6.89,0.89,12.78,1.19,19.2,0.53,2.13,0.24,0,0,
3.76,20.47,7.96,0.79,13.16,1.15,12.64,0.77,1.97,0.26,0,0,
4.03,22.48,7.47,0.86,11.97,1.08,19.98,0.69,1.82,0.36,0,0,
3.94,17.4,6.43,0.83,14.31,1.21,21.27,0.39,2.08,0.21,0,0,
4.47,18.03,8.35,0.83,12.79,1.31,24.52,0.65,2.44,0.22,0,0,
4.1,19.09,10.51,0.78,10.51,1.22,20.18,0.73,2.19,0.23,0,0,
4.14,15.96,6.16,0.7,11.44,1.31,21.27,0.57,2.41,0.22,0,0,
3.84,17.54,7.97,0.71,9.19,1.27,26.6,0.54,2.03,0.3,1,0,
3.8,18.57,8.64,0.86,11.78,1.22,15.52,0.56,2.07,0.35,0,0,
3.83,22.62,8.12,0.8,14.22,1.08,20.2,0.55,1.67,0.32,1,0,
4.16,20.79,7.89,0.79,13.37,1.21,18.51,0.55,1.87,0.42,0,0,
3.83,20.58,6.7,0.77,14.8,1.11,18.03,0.6,1.73,0.26,0,0,
4.12,22.55,8.23,0.78,11.39,1.15,18.24,0.52,1.78,0.41,0,0,
4.83,19.59,7.24,0.88,14.69,1.34,21.12,0.51,2.35,0.26,0,0,
4.35,21.17,5.81,0.77,11.61,1.14,22.52,0.35,1.98,0.28,0,0,
3.87,19.69,9.19,0.69,14.94,1.24,23.81,0.74,1.97,0.26,0,0,
4.48,20.8,8.96,0.86,11.96,1.2,22.93,0.75,2.0,0.31,0,0,
3.84,18.25,8.05,0.78,13.41,1.23,20.53,0.58,2.07,0.29,0,0,
3.18,12.68,8.23,0.8,14.95,1.36,17.44,0.59,2.46,0.19,0,0,
3.6,19.6,9.07,0.93,11.61,1.2,20.14,0.69,1.84,0.24,0,1,0.0
3.25,24.27,8.22,0.8,12.44,0.96,21.34,0.73,1.11,0.34,1,0,
3.86,22.78,8.9,0.82,14.58,1.08,16.91,0.68,1.62,0.31,1,0,
4.01,22.9,7.7,0.71,11.73,1.16,17.45,0.53,1.61,0.35,0,0,
4.67,23.71,9.31,0.78,9.36,1.22,19.14,0.54,1.92,0.36,0,0,
4.13,20.27,8.32,0.85,16.29,1.18,18.92,0.53,2.06,0.26,0,0,
3.91,20.59,8.19,0.68,11.06,1.13,11.12,0.62,1.74,0.33,0,0,
4.33,18.15,6.73,0.82,12.32,1.2,23.47,0.48,2.39,0.38,0,0,
3.12,19.05,8.29,0.81,14.31,1.1,14.4,0.63,1.63,0.26,0,0,
4.09,21.85,7.17,0.8,10.78,1.15,14.62,0.51,2.01,0.32,0,1,0.0
4.31,23.61,7.36,0.88,9.98,1.19,21.69,0.48,1.76,0.4,0,0,
3.41,19.58,7.18,0.83,12.51,1.14,14.6,0.47,1.68,0.26,0,0,
4.46,18.65,6.93,0.92,8.41,1.38,21.49,0.67,2.2,0.31,0,0,
4.14,20.0,10.12,0.72,11.42,1.19,24.94,0.78,2.09,0.26,0,0,
3.83,21.8,9.33,0.81,12.49,1.18,14.21,0.81,1.71,0.43,0,0,
4.25,15.67,9.92,0.81,11.46,1.34,18.58,0.74,2.52,0.23,0,0,
4.91,13.11,6.78,0.71,8.91,1.58,27.89,0.5,3.21,0.13,1,0,
4.07,18.35,8.07,0.88,15.19,1.19,24.57,0.71,2.12,0.24,0,0,
4.1,16.34,6.71,0.99,12.21,1.34,17.51,0.53,2.41,0.2,0,0,
3.82,18.48,7.3,0.8,14.86,1.12,21.25,0.58,2.22,0.34,0,0,
3.66,19.56,7.08,0.84,11.48,1.15,20.6,0.55,1.94,0.23,0,0,
4.33,18.64,9.24,0.81,10.24,1.31,15.83,0.43,2.11,0.24,0,1,0.0
3.66,24.36,7.6,0.74,12.54,0.99,18.85,0.71,1.48,0.36,1,0,
4.03,20.98,9.07,0.65,11.57,1.12,22.25,0.69,1.8,0.32,0,0,
3.81,20.9,8.6,0.74,9.64,1.19,17.85,0.66,1.97,0.3,0,0,
4.19,21.87,10.3,0.69,14.94,1.17,23.59,0.71,1.81,0.26,0,0,
4.13,16.58,6.52,0.94,10.76,1.3,25.65,0.54,2.69,0.21,1,0,
4.42,23.12,9.26,0.79,8.32,1.17,20.41,0.62,2.0,0.36,0,0,
3.8,19.77,9.15,0.77,14.66,1.31,17.94,0.71,1.86,0.26,0,0,
3.89,22.01,7.03,0.87,10.99,1.18,15.64,0.45,1.76,0.37,0,0,
3.61,16.78,9.01,0.71,10.78,1.3,19.93,0.67,2.24,0.28,0,0,
3.82,15.34,8.34,0.74,8.47,1.33,23.33,0.66,2.47,0.2,0,0,
4.15,22.45,7.77,0.81,15.48,1.16,18.4,0.57,1.86,0.36,0,0,
4.3,21.13,7.18,0.88,9.42,1.09,14.05,0.59,2.13,0.21,0,0,
3.63,17.29,7.28,0.84,12.12,1.19,23.68,0.48,2.11,0.22,0,0,
4.35,17.39,10.05,0.82,13.83,1.31,23.27,0.63,2.36,0.3,0,0,
4.54,23.38,8.0,0.81,12.84,1.09,19.34,0.62,1.84,0.35,0,0,
4.17,16.43,8.78,0.83,11.88,1.27,25.02,0.69,2.51,0.19,1,0,
4.75,24.93,7.21,0.82,8.6,1.07,25.11,0.41,1.84,0.51,1,1,1.0
3.69,17.3,7.22,0.72,10.38,1.23,11.71,0.6,2.18,0.34,0,0,
3.5,21.92,9.08,0.8,12.38,1.11,18.35,0.61,1.69,0.36,0,1,0.0
3.29,19.01,6.65,0.71,10.43,1.18,13.37,0.52,1.61,0.34,0,0,
4.6,21.81,7.58,0.81,12.41,1.26,22.99,0.47,2.09,0.22,0,0,
4.26,18.37,8.03,0.76,13.36,1.24,22.25,0.53,2.29,0.23,0,0,
3.98,19.51,8.11,1.0,13.93,1.11,22.06,0.68,2.21,0.27,0,0,
4.11,20.12,7.82,0.8,9.55,1.13,18.89,0.59,1.88,0.29,0,1,0.0
3.55,16.99,8.4,0.69,16.39,1.16,14.08,0.59,2.28,0.22,0,0,
4.98,22.22,8.69,0.79,13.53,1.24,21.45,0.63,2.18,0.22,0,0,
4.05,18.46,8.73,0.84,12.0,1.25,22.2,0.68,2.22,0.29,0,0,
4.04,19.31,7.01,0.93,14.18,1.18,23.56,0.59,2.25,0.31,0,0,
4.29,17.02,7.72,0.75,16.73,1.35,19.14,0.58,2.47,0.32,0,0,
4.19,12.31,9.19,0.67,9.12,1.45,27.69,0.75,2.89,0.11,1,0,
4.09,19.43,8.89,0.87,11.55,1.23,18.7,0.72,2.12,0.25,0,0,
3.68,27.24,6.63,0.69,7.24,0.99,16.2,0.56,1.1,0.31,1,1,1.0
4.19,22.35,8.35,0.77,12.39,1.1,18.05,0.62,1.84,0.33,0,0,
4.75,19.94,6.02,0.78,12.73,1.34,23.59,0.55,2.24,0.34,0,0,
4.54,19.21,8.05,0.79,11.92,1.3,25.22,0.63,2.29,0.25,1,0,
4.64,20.07,9.9,0.86,10.69,1.28,18.83,0.78,2.01,0.41,0,0,
3.8,21.64,7.05,0.75,7.9,1.16,16.32,0.62,1.8,0.32,0,0,
3.6,16.46,7.17,0.78,12.75,1.29,20.74,0.48,2.18,0.24,0,0,
3.95,23.34,8.76,0.8,14.91,1.04,25.33,0.55,1.61,0.3,1,0,
4.02,22.15,6.46,0.81,10.82,1.13,16.43,0.47,1.82,0.36,0,0,
4.44,22.15,7.37,0.81,12.88,1.22,26.79,0.65,1.82,0.24,1,0,
3.32,21.32,8.6,0.83,8.86,1.05,22.65,0.5,1.79,0.36,1,0,
4.61,20.06,7.37,0.87,12.91,1.32,22.13,0.6,2.23,0.34,0,0,
3.94,22.02,7.76,0.83,11.21,1.14,17.84,0.62,1.76,0.41,0,0,
3.83,21.78,8.74,0.84,10.48,1.21,16.35,0.73,1.66,0.28,0,0,
3.6,18.94,8.42,0.67,10.48,1.09,18.71,0.64,1.95,0.29,1,0,
3.34,18.28,8.27,0.8,11.21,1.15,13.99,0.51,2.05,0.29,0,1,0.0
4.33,20.31,7.66,0.84,12.76,1.19,20.94,0.51,2.2,0.33,0,0,
4.03,24.65,8.37,0.86,9.38,1.1,22.28,0.52,1.63,0.35,0,0,
3.48,16.28,7.88,0.74,11.21,1.15,17.96,0.55,2.22,0.11,0,0,
3.48,15.6,8.46,0.75,11.92,1.27,19.41,0.61,2.2,0.23,0,0,
3.87,20.49,7.5,0.75,9.8,1.13,14.11,0.48,1.75,0.3,0,0,
4.67,20.15,7.82,0.84,15.59,1.26,23.72,0.71,2.23,0.27,0,0,
3.9,20.52,7.01,0.88,10.29,1.1,20.12,0.44,1.88,0.35,1,0,
3.4,20.73,7.96,0.77,10.66,1.06,17.42,0.71,1.79,0.31,1,0,
3.9,19.33,7.19,0.87,10.04,1.26,19.29,0.65,2.06,0.22,0,0,
3.89,24.47,6.89,0.81,15.6,1.05,16.45,0.62,1.67,0.29,1,0,
2.92,15.2,8.26,0.79,13.11,1.21,19.59,0.56,2.17,0.15,0,0,
3.98,17.51,8.21,0.78,10.13,1.35,21.07,0.64,2.19,0.37,0,0,
3.91,19.69,8.78,0.86,14.21,1.21,20.73,0.54,1.81,0.33,0,1,0.0
4.28,15.07,7.57,0.83,12.4,1.36,24.22,0.65,2.74,0.21,0,0,
4.74,19.47,8.41,0.98,12.51,1.35,26.59,0.61,2.48,0.28,1,0,
4.45,24.98,8.55,0.73,11.31,1.09,21.34,0.59,1.55,0.39,0,0,
3.89,20.06,8.44,0.84,10.5,1.16,20.12,0.52,2.1,0.36,0,0,
3.56,20.69,7.17,0.76,12.68,1.04,22.44,0.36,1.79,0.29,1,0,
5.03,16.22,8.15,0.73,10.91,1.51,27.27,0.52,2.81,0.25,1,0,
4.02,18.15,8.36,0.8,15.63,1.24,24.93,0.71,2.36,0.25,0,0,
4.01,18.87,8.01,0.81,9.46,1.24,22.41,0.57,2.25,0.37,0,0,
3.99,19.05,5.91,1.03,15.07,1.18,14.91,0.48,2.16,0.32,0,0,
4.08,23.84,8.16,0.79,11.78,1.12,22.31,0.66,1.69,0.44,0,0,
3.94,21.67,10.21,0.71,12.6,1.1,19.34,0.86,1.87,0.3,0,0,
3.77,16.67,7.64,0.82,13.67,1.26,20.59,0.69,2.2,0.29,0,0,
3.78,20.74,7.27,0.63,10.74,1.19,19.6,0.49,1.83,0.3,0,0,
3.99,21.49,8.37,0.79,13.73,1.19,18.17,0.46,1.76,0.34,0,0,
3.78,23.42,8.31,0.8,6.58,1.06,18.1,0.8,1.54,0.45,1,0,
3.71,24.74,9.19,0.86,10.56,0.93,14.71,0.84,1.38,0.34,1,0,
4.04,16.95,6.74,0.88,10.15,1.45,25.52,0.55,2.26,0.25,1,0,
3.9,17.57,8.73,0.76,9.49,1.34,20.47,0.53,2.22,0.27,0,0,
4.6,16.23,8.59,0.79,11.57,1.44,23.15,0.71,2.59,0.25,0,0,
2.94,19.3,7.86,0.74,12.77,1.02,13.33,0.58,1.7,0.26,1,0,
4.44,21.4,8.34,0.71,13.41,1.22,21.85,0.61,1.87,0.43,0,0,
4.5,22.96,9.03,0.82,12.48,1.16,21.07,0.72,1.89,0.29,0,0,
3.17,19.77,8.87,0.7,10.67,1.15,17.96,0.67,1.7,0.37,0,0,
3.86,19.04,6.86,0.77,12.74,1.22,16.85,0.45,2.01,0.34,0,0,
3.85,20.46,8.82,0.72,12.25,1.12,14.37,0.62,1.88,0.4,0,0,
3.44,17.49,7.94,0.84,13.87,1.17,20.88,0.65,1.87,0.17,0,0,
3.69,26.27,8.07,0.94,13.55,1.02,20.08,0.64,1.28,0.38,1,0,
3.56,15.18,8.07,0.7,12.06,1.36,17.56,0.62,2.37,0.28,0,0,
4.7,20.55,7.85,0.65,10.21,1.36,27.29,0.67,2.27,0.22,1,0,
4.37,26.07,9.19,0.79,10.69,1.11,19.31,0.63,1.65,0.34,0,0,
4.51,20.02,7.92,0.8,10.9,1.26,22.0,0.61,2.22,0.28,0,0,
4.29,19.43,6.88,0.82,11.37,1.1,20.25,0.27,2.22,0.3,0,0,
3.55,18.93,7.61,0.76,12.54,1.18,14.58,0.54,1.94,0.36,0,0,
3.79,19.46,8.18,0.78,13.43,1.18,22.39,0.67,2.04,0.28,0,1,0.0
4.2,24.12,9.23,0.83,11.9,1.11,16.4,0.63,1.51,0.35,0,0,
3.51,13.36,8.6,0.88,12.03,1.33,19.02,0.59,2.38,0.18,0,0,
4.29,24.6,7.15,0.64,12.29,1.04,21.82,0.47,1.81,0.42,0,0,
3.9,15.73,10.49,0.77,10.97,1.34,16.1,0.8,2.14,0.24,0,0,
3.85,19.2,8.26,0.82,10.15,1.23,15.23,0.66,2.01,0.28,0,0,
4.28,18.71,9.28,0.73,8.49,1.32,21.73,0.73,2.36,0.18,0,0,
4.18,21.77,7.85,0.94,10.61,1.22,20.71,0.45,1.89,0.29,0,0,
3.86,15.21,8.53,0.75,12.95,1.35,23.27,0.61,2.38,0.28,0,1,0.0
4.46,21.39,8.84,0.8,10.59,1.21,20.26,0.62,2.06,0.34,0,0,
3.57,26.07,9.22,0.84,11.52,0.95,22.82,0.64,1.18,0.41,1,0,
4.25,15.91,9.06,0.75,12.93,1.36,22.35,0.6,2.51,0.27,0,1,0.0
4.24,20.57,8.87,0.65,13.04,1.22,19.97,0.62,1.97,0.25,0,1,0.0
3.88,18.01,7.68,0.77,9.84,1.29,18.11,0.65,2.26,0.25,0,0,
4.13,21.28,7.43,0.88,13.99,1.21,20.25,0.42,2.07,0.33,0,0,
3.5,20.06,8.33,0.77,14.25,1.23,19.81,0.76,1.78,0.28,0,0,
4.37,18.08,8.93,0.73,9.74,1.42,26.05,0.69,2.2,0.27,1,0,
3.93,21.46,7.78,0.87,10.35,1.15,14.5,0.59,1.77,0.32,0,0,
3.79,25.41,9.07,0.77,14.38,0.81,15.72,0.73,1.36,0.34,1,0,
4.42,19.43,9.45,0.76,11.71,1.34,23.3,0.56,2.28,0.3,0,0,
3.72,22.16,7.08,0.81,7.56,1.07,19.55,0.5,1.57,0.28,1,0,
3.44,16.12,7.16,0.86,9.2,1.19,19.71,0.55,2.09,0.23,0,0,
3.38,17.13,7.86,0.99,11.5,1.17,20.57,0.7,2.09,0.31,0,0,
4.24,21.42,8.31,0.87,9.67,1.17,17.83,0.61,2.05,0.31,0,0,
3.49,24.45,7.48,0.89,11.17,1.02,20.4,0.61,1.29,0.33,1,0,
4.7,21.07,9.35,0.76,12.06,1.2,25.25,0.62,2.04,0.31,1,0,
3.17,19.06,8.42,0.72,14.92,1.05,13.1,0.66,2.09,0.24,1,0,
4.68,20.0,8.04,0.8,11.42,1.32,19.49,0.74,2.35,0.33,0,0,
4.08,16.25,6.56,0.81,14.15,1.36,19.07,0.61,2.38,0.22,0,0,
3.96,21.81,6.68,0.71,14.86,1.17,20.97,0.53,1.89,0.42,0,0,
3.78,22.65,8.28,0.79,14.87,1.05,13.95,0.67,1.64,0.41,1,0,
4.16,18.64,5.87,0.83,12.57,1.22,20.32,0.54,2.29,0.27,0,0,
3.98,18.59,9.01,0.83,8.07,1.21,22.01,0.69,2.15,0.31,0,0,
4.44,20.8,7.84,0.84,12.92,1.25,21.17,0.68,2.11,0.3,0,0,
4.05,18.69,11.24,0.82,14.1,1.32,21.61,0.85,2.14,0.28,0,0,
4.06,19.8,10.31,0.76,11.84,1.11,17.14,0.71,1.9,0.28,0,0,
3.85,26.3,7.82,0.76,15.49,0.98,18.05,0.64,1.51,0.46,1,0,
3.98,19.26,7.89,0.7,13.72,1.15,18.44,0.56,1.97,0.36,0,0,
4.12,18.92,9.0,0.94,13.14,1.17,20.06,0.58,2.02,0.32,0,0,
3.32,18.06,9.7,0.8,14.17,1.2,18.95,0.66,1.9,0.31,0,0,
3.46,22.23,6.36,0.78,12.67,1.08,17.04,0.51,1.46,0.39,1,1,1.0
4.3,19.46,6.21,0.73,7.01,1.28,21.53,0.38,2.17,0.32,0,0,
4.07,18.05,7.38,1.03,11.0,1.31,19.0,0.64,2.29,0.2,0,0,
3.93,23.96,8.58,0.71,14.39,1.05,16.83,0.41,1.67,0.46,1,0,
4.01,24.26,8.5,0.77,10.38,1.05,17.91,0.84,1.66,0.48,0,0,
4.14,18.2,9.07,0.83,11.55,1.38,17.33,0.77,2.21,0.25,0,0,
3.78,14.4,6.8,0.85,9.91,1.32,20.55,0.52,2.48,0.17,0,0,
3.69,23.02,5.68,0.88,15.57,1.1,18.41,0.48,1.61,0.39,1,0,
4.08,17.95,8.86,0.94,15.36,1.27,17.51,0.67,2.06,0.29,0,0,
3.61,22.37,7.17,0.84,10.23,0.98,20.72,0.51,1.66,0.34,1,0,
4.16,14.09,5.98,0.72,12.29,1.3,27.42,0.51,2.51,0.12,1,0,
3.32,22.68,8.15,0.78,10.64,0.99,12.2,0.6,1.66,0.37,1,0,
4.41,16.37,8.79,0.82,13.23,1.42,27.54,0.63,2.49,0.25,1,0,
4.19,22.19,7.88,0.97,13.02,1.2,19.23,0.61,1.84,0.38,0,0,
4.1,20.04,7.54,0.69,13.62,1.26,21.64,0.47,1.96,0.32,0,0,
4.39,17.14,7.84,0.9,12.66,1.3,21.51,0.6,2.38,0.23,0,0,
4.67,18.78,7.63,0.81,17.87,1.42,26.04,0.59,2.62,0.33,1,0,
4.41,22.06,6.65,0.87,9.94,1.15,21.81,0.54,2.05,0.34,0,0,
3.26,20.32,7.29,0.79,8.58,1.09,14.45,0.55,1.52,0.28,1,0,
3.49,21.75,8.52,0.73,11.21,1.07,13.58,0.72,1.77,0.33,1,1,1.0
3.75,25.93,8.32,0.86,8.86,0.98,11.65,0.59,1.43,0.33,1,1,1.0
4.01,15.31,8.17,0.85,9.02,1.41,22.95,0.63,2.45,0.2,0,0,
4.21,24.85,7.0,0.88,10.0,1.05,20.12,0.65,1.63,0.43,0,0,
3.71,20.31,7.82,0.8,10.16,1.08,20.64,0.58,1.85,0.32,1,0,
4.07,17.3,5.82,0.75,10.09,1.29,21.29,0.51,2.5,0.32,0,0,
3.7,16.01,8.18,0.68,13.04,1.25,17.32,0.6,2.2,0.21,0,0,
3.76,19.43,9.43,0.87,10.99,1.35,17.26,0.77,1.97,0.31,0,0,
3.44,22.76,6.53,0.83,11.64,1.07,19.82,0.51,1.46,0.39,1,0,
3.63,19.62,7.41,0.72,13.79,1.14,17.26,0.67,1.75,0.41,0,0,
3.46,24.53,8.33,0.76,10.47,0.93,16.0,0.61,1.55,0.4,1,0,
3.61,15.65,9.25,0.76,11.47,1.18,17.39,0.59,2.16,0.16,0,0,
4.42,19.96,7.55,0.68,12.73,1.21,22.71,0.63,2.19,0.34,0,0,
3.62,16.24,7.31,0.73,8.12,1.26,18.99,0.54,2.05,0.32,0,0,
5.05,21.09,6.03,0.71,7.23,1.4,26.81,0.55,2.27,0.31,1,0,
4.2,22.66,8.1,0.77,12.69,1.21,21.78,0.39,1.86,0.4,0,0,
4.07,18.74,10.04,0.74,12.98,1.26,19.44,0.7,2.07,0.34,0,0,
3.66,12.19,8.28,0.67,16.13,1.37,22.15,0.58,2.7,0.19,0,0,
4.28,20.6,7.98,0.96,12.32,1.24,19.17,0.51,2.03,0.32,0,1,0.0
3.77,21.31,8.32,0.9,13.64,1.1,14.17,0.57,1.89,0.29,0,0,
4.05,21.21,7.99,0.74,11.61,1.26,17.02,0.55,2.03,0.32,0,0,
5.02,23.71,7.19,0.82,12.59,1.23,22.84,0.56,1.98,0.4,0,0,
3.96,16.79,8.82,0.83,15.33,1.29,22.43,0.53,2.31,0.28,0,0,
4.46,22.04,8.23,0.9,7.75,1.1,21.26,0.64,2.0,0.36,0,1,0.0
3.72,23.58,8.02,0.73,12.83,1.04,16.18,0.71,1.59,0.35,1,0,
3.99,14.66,7.02,0.89,16.27,1.4,25.41,0.57,2.53,0.22,1,1,1.0
4.71,20.96,9.3,0.76,12.56,1.22,22.54,0.73,2.21,0.36,0,0,
3.75,18.49,8.66,0.69,15.3,1.17,21.86,0.72,2.03,0.29,0,0,
4.72,19.76,7.45,0.86,10.74,1.36,17.7,0.67,2.33,0.25,0,1,0.0
4.28,21.04,9.0,0.9,11.94,1.14,8.84,0.8,2.14,0.31,0,0,
3.78,18.54,7.5,1.01,12.07,1.26,20.68,0.54,2.12,0.32,0,0,
4.25,17.97,7.22,0.7,7.56,1.27,17.75,0.5,2.37,0.19,0,0,
4.39,20.1,7.24,0.86,9.66,1.24,20.87,0.62,2.22,0.2,0,0,
4.25,16.74,6.23,0.77,9.81,1.28,21.72,0.57,2.41,0.31,0,0,
3.37,16.74,8.47,0.86,13.64,1.22,23.88,0.69,2.11,0.26,0,0,
3.71,22.04,6.17,0.68,13.74,1.22,19.02,0.66,1.57,0.37,0,0,
3.9,16.55,6.77,0.7,12.65,1.33,21.82,0.54,2.43,0.18,0,1,0.0
3.97,22.0,5.92,0.74,13.65,1.09,21.39,0.53,1.51,0.38,1,0,
4.25,21.39,7.91,0.81,11.67,1.25,21.4,0.52,1.95,0.34,0,0,
4.07,14.82,7.85,0.75,14.4,1.35,21.5,0.76,2.66,0.12,0,0,
3.47,17.97,7.67,0.85,12.02,1.25,22.09,0.56,1.85,0.33,0,0,
4.15,23.58,6.96,0.88,12.12,1.16,15.49,0.52,1.74,0.38,0,0,
4.24,17.06,6.83,0.85,11.47,1.18,23.42,0.51,2.32,0.22,0,0,
4.22,18.61,8.46,0.93,13.37,1.23,16.95,0.57,2.19,0.25,0,0,
4.43,21.39,7.45,0.83,11.16,1.27,21.65,0.51,2.13,0.23,0,0,
4.33,22.35,8.32,0.7,13.95,1.19,20.74,0.57,1.92,0.38,0,0,
4.18,19.25,7.11,0.91,9.74,1.2,26.14,0.45,1.95,0.3,1,0,
3.97,18.21,8.18,0.75,9.8,1.22,16.09,0.55,2.07,0.25,0,0,
3.34,24.27,9.3,0.87,13.37,0.88,13.41,0.82,1.41,0.45,1,0,
4.17,25.22,8.59,0.93,11.82,1.06,20.55,0.69,1.59,0.34,0,0,
4.08,22.94,7.59,0.84,11.09,1.23,19.87,0.65,1.91,0.33,0,0,
4.11,20.26,8.26,0.68,13.78,1.25,20.85,0.71,2.19,0.26,0,1,0.0
3.49,17.58,7.76,0.73,10.79,1.31,16.3,0.73,2.0,0.24,0,1,0.0
3.57,17.51,8.01,0.91,11.6,1.25,17.74,0.46,2.33,0.25,0,0,
4.42,21.57,7.67,0.79,14.8,1.27,24.64,0.49,2.01,0.35,0,0,
3.98,21.26,7.84,0.81,15.08,1.26,19.15,0.53,1.77,0.31,0,1,0.0
4.27,24.2,8.21,0.86,15.14,1.13,20.11,0.57,1.63,0.34,0,1,0.0
4.01,21.95,7.01,0.86,11.44,1.13,18.72,0.53,1.58,0.42,0,0,
4.01,15.49,6.98,0.82,14.46,1.39,18.75,0.51,2.62,0.33,0,0,
4.38,23.16,6.61,0.78,10.1,1.23,22.72,0.55,1.99,0.37,0,1,0.0
3.79,17.01,6.4,0.77,10.19,1.23,22.18,0.52,2.12,0.2,0,0,
4.04,18.85,6.78,0.87,7.3,1.2,27.65,0.48,2.11,0.35,1,1,1.0
3.82,20.75,8.16,0.84,15.35,1.16,15.84,0.43,1.86,0.24,0,1,0.0
3.83,25.99,7.11,0.78,10.27,1.04,18.78,0.48,1.24,0.4,1,0,
3.88,29.33,8.51,0.89,11.75,0.94,10.91,0.58,0.84,0.45,1,0,
4.09,21.82,8.03,0.79,10.18,1.09,19.92,0.58,1.83,0.28,0,0,
3.81,19.45,6.03,0.73,13.39,1.28,22.44,0.41,1.95,0.28,0,1,0.0
4.5,21.6,8.65,0.74,11.25,1.2,14.99,0.59,2.0,0.29,0,1,0.0
3.64,22.66,8.81,0.72,9.39,1.05,16.62,0.55,1.61,0.35,1,0,
3.93,19.04,7.01,0.78,12.88,1.17,18.49,0.54,2.21,0.28,0,0,
3.82,25.39,8.42,0.9,9.13,1.15,14.5,0.54,1.36,0.38,0,0,
4.58,20.69,7.14,0.74,10.33,1.28,23.13,0.49,2.18,0.3,0,1,0.0
4.08,21.49,8.1,0.82,7.79,1.12,22.93,0.5,1.95,0.32,0,0,
4.41,22.0,6.74,0.75,9.15,1.25,20.25,0.52,2.02,0.38,0,0,
3.41,21.26,6.21,0.78,12.36,1.11,17.61,0.44,1.57,0.32,0,0,
4.11,22.52,7.62,0.68,8.07,1.13,19.51,0.65,1.8,0.39,0,0,
4.36,18.15,7.88,0.78,9.04,1.35,22.35,0.63,2.38,0.29,0,0,
4.03,18.33,7.6,0.78,12.0,1.21,17.7,0.57,2.07,0.3,0,0,
4.43,16.7,6.82,0.84,10.91,1.34,26.68,0.48,2.63,0.3,1,0,
3.79,21.32,7.6,0.82,15.98,1.03,19.4,0.61,1.93,0.27,1,0,
4.56,22.34,8.27,0.7,15.67,1.15,22.27,0.67,1.92,0.32,0,0,
4.92,21.37,7.96,0.89,10.26,1.39,20.57,0.61,2.25,0.42,0,0,
3.85,25.02,8.18,0.82,13.11,1.11,15.53,0.74,1.5,0.39,0,1,0.0
3.82,19.98,7.33,0.82,13.5,1.18,18.77,0.6,1.88,0.16,0,0,
4.58,22.01,9.17,0.8,10.81,1.31,16.72,0.73,2.08,0.33,0,0,
4.63,16.72,6.82,0.76,9.01,1.39,19.1,0.55,2.6,0.24,0,0,
3.79,18.84,8.49,0.82,11.98,1.19,17.94,0.68,1.89,0.15,0,0,
3.83,22.09,9.18,0.84,11.65,1.12,19.85,0.6,1.77,0.41,0,0,
3.89,22.55,8.48,0.66,11.13,1.1,16.32,0.59,1.59,0.32,0,0,
3.46,19.12,7.8,0.76,12.88,1.14,15.23,0.62,1.97,0.3,0,0,
3.63,19.79,7.47,0.78,10.5,1.21,16.19,0.6,1.81,0.28,0,0,
3.6,15.45,9.04,0.82,9.7,1.28,19.3,0.69,2.28,0.14,0,0,
3.69,18.93,6.58,0.9,12.22,1.22,18.25,0.62,2.12,0.23,0,0,
3.99,22.67,7.03,0.74,12.77,1.17,25.11,0.44,1.78,0.31,1,0,
4.09,21.73,7.6,0.76,9.65,1.18,22.68,0.5,1.76,0.39,0,0,
4.62,21.5,9.24,0.76,13.86,1.2,24.8,0.68,2.0,0.32,0,0,
3.6,20.15,8.38,0.74,8.46,1.07,21.83,0.56,1.77,0.28,1,0,
4.39,20.02,7.03,0.77,10.84,1.27,18.57,0.82,2.19,0.25,0,0,
3.91,18.02,7.69,0.86,11.48,1.24,16.98,0.63,2.2,0.32,0,0,
3.98,22.1,7.39,0.72,10.73,1.14,15.55,0.56,1.7,0.42,0,0,
4.27,21.26,7.29,0.83,10.87,1.2,24.45,0.52,1.86,0.38,0,0,
3.55,21.48,8.98,0.66,15.74,1.22,15.82,0.61,1.7,0.35,0,0,
4.15,18.42,6.63,0.76,10.3,1.2,17.65,0.53,2.2,0.28,0,0,
4.07,13.54,9.61,0.77,16.88,1.3,22.2,0.69,2.89,0.11,0,1,0.0
4.2,23.29,8.83,0.93,12.87,1.15,18.43,0.6,1.75,0.35,0,0,
4.12,18.56,9.09,0.78,12.18,1.24,21.99,0.63,2.37,0.24,0,0,
4.98,17.41,7.54,0.62,12.95,1.44,25.98,0.68,2.53,0.16,1,1,1.0
3.74,22.08,7.85,0.64,17.06,1.13,15.45,0.7,1.53,0.39,0,0,
3.79,18.82,6.57,0.8,10.01,1.27,21.8,0.55,1.92,0.24,0,0,
3.75,23.18,7.48,0.85,9.76,0.99,15.5,0.47,1.7,0.42,1,0,
3.78,21.85,8.49,0.83,10.49,1.08,17.72,0.67,1.9,0.38,1,0,
3.75,22.05,9.3,0.81,12.06,1.12,20.02,0.79,1.61,0.37,0,0,
4.48,15.9,6.89,0.89,8.55,1.43,22.03,0.65,2.55,0.25,0,0,
4.57,23.64,7.63,0.76,12.04,1.29,18.75,0.64,1.75,0.34,0,0,
3.77,20.78,7.85,0.87,15.39,1.19,20.47,0.71,1.65,0.41,0,0,
3.67,18.89,6.6,0.67,12.3,1.18,16.65,0.53,2.05,0.28,0,0,
4.19,20.43,8.59,0.73,11.41,1.17,19.38,0.68,2.05,0.32,0,0,
3.78,14.67,7.28,0.66,10.76,1.3,23.45,0.51,2.45,0.16,0,0,
4.25,21.23,7.8,0.78,13.8,1.17,26.56,0.61,1.84,0.28,1,0,
4.08,16.91,7.55,0.8,10.35,1.34,23.68,0.68,2.51,0.26,0,0,
3.39,15.94,7.21,0.81,15.69,1.24,21.02,0.51,2.11,0.23,0,0,
4.62,15.43,7.99,0.8,15.87,1.36,26.35,0.53,2.76,0.17,1,1,1.0
4.72,23.34,7.78,0.73,12.51,1.19,17.98,0.6,1.81,0.29,0,0,
3.75,18.11,7.63,0.78,11.98,1.26,20.31,0.56,2.07,0.2,0,0,
3.84,24.6,7.27,0.68,14.06,1.06,16.99,0.62,1.51,0.45,1,0,
4.11,18.39,8.32,0.91,14.19,1.29,22.23,0.58,2.24,0.24,0,0,
4.13,14.88,9.65,0.78,10.39,1.39,23.45,0.82,2.58,0.18,0,0,
4.26,16.65,8.14,0.76,10.95,1.42,23.87,0.5,2.49,0.31,0,0,
4.8,23.71,9.0,0.93,9.36,1.22,20.43,0.75,1.84,0.32,0,0,
3.93,19.53,6.61,0.7,12.82,1.18,20.13,0.47,2.04,0.25,0,0,
3.68,18.36,8.16,0.71,13.33,1.16,15.86,0.46,2.05,0.23,0,0,
3.45,20.48,6.9,0.71,9.3,1.12,16.59,0.56,1.75,0.39,0,0,
3.71,21.51,6.52,0.79,11.09,0.99,22.25,0.51,1.74,0.43,1,1,1.0
3.99,23.35,7.26,0.83,9.31,1.09,19.23,0.47,1.53,0.4,1,0,
4.72,24.35,9.19,0.86,10.2,1.17,20.64,0.53,1.72,0.43,0,0,
3.79,18.92,8.95,1.01,13.1,1.13,25.4,0.65,1.8,0.25,1,0,
4.09,16.02,8.24,0.62,10.53,1.29,18.26,0.69,2.52,0.32,0,0,
3.99,18.76,6.47,0.85,11.4,1.28,17.27,0.57,2.2,0.29,0,1,0.0
4.48,20.78,7.8,0.76,8.75,1.26,26.65,0.59,2.2,0.36,1,0,
5.01,17.11,8.3,0.75,12.37,1.44,25.63,0.65,2.72,0.24,1,0,
3.79,17.13,8.18,0.75,11.91,1.27,19.86,0.61,1.99,0.23,0,0,
3.8,21.03,6.16,0.73,10.54,1.14,15.1,0.39,1.72,0.4,0,1,0.0
4.42,19.85,7.11,0.93,11.62,1.33,23.09,0.44,2.2,0.32,0,0,
4.27,20.1,7.94,0.87,12.36,1.24,22.68,0.58,2.11,0.37,0,0,
4.74,17.72,8.54,0.8,10.37,1.31,20.81,0.61,2.5,0.27,0,0,
4.23,19.31,5.8,0.91,9.05,1.34,20.86,0.56,2.2,0.24,0,0,
3.86,17.23,7.84,0.68,15.61,1.28,19.8,0.65,2.22,0.22,0,0,
4.24,22.67,8.14,0.69,10.73,1.13,20.38,0.66,1.84,0.36,0,0,
4.44,23.11,8.85,0.63,11.81,1.11,16.86,0.62,1.8,0.33,0,1,0.0
4.33,14.46,8.69,0.74,14.02,1.44,27.84,0.52,2.78,0.13,1,0,
4.2,17.21,8.58,0.81,19.06,1.31,24.95,0.66,2.32,0.3,0,0,
4.43,15.51,7.2,0.81,9.51,1.48,22.86,0.6,2.49,0.18,0,1,0.0
4.47,18.05,6.09,0.81,12.9,1.31,22.2,0.31,2.3,0.27,0,0,
4.55,19.75,7.61,0.69,10.58,1.25,21.93,0.51,2.21,0.31,0,0,
4.26,15.65,9.0,0.86,10.92,1.41,20.88,0.59,2.64,0.18,0,0,
3.93,17.23,9.39,0.82,10.56,1.32,19.79,0.68,2.25,0.32,0,1,0.0
4.06,16.99,8.71,0.86,9.75,1.31,20.93,0.57,2.31,0.18,0,0,
4.48,20.62,8.43,0.65,11.92,1.29,26.46,0.62,2.01,0.33,1,0,
3.67,20.21,8.38,0.82,9.05,1.14,21.43,0.6,1.93,0.32,0,0,
4.15,17.83,7.44,0.7,13.89,1.3,24.48,0.56,2.21,0.25,0,0,
3.84,20.53,7.87,0.77,12.11,1.22,20.22,0.54,1.87,0.25,0,0,
4.01,18.36,9.67,0.84,12.84,1.28,17.51,0.63,2.32,0.31,0,0,
4.51,19.19,7.06,0.81,11.07,1.29,22.33,0.47,2.34,0.32,0,1,0.0
4.08,25.02,9.61,0.73,11.27,1.13,20.71,0.71,1.37,0.37,0,0,
4.02,24.02,7.68,0.8,12.58,0.96,14.29,0.63,1.43,0.42,0,0,
3.46,16.1,9.33,0.68,9.67,1.34,21.68,0.6,2.17,0.24,0,0,
4.3,22.49,6.59,0.89,11.28,1.08,26.92,0.65,1.75,0.29,1,1,1.0
4.26,22.43,8.59,0.78,10.28,1.13,23.0,0.6,1.92,0.31,0,1,0.0
4.87,16.56,7.26,0.89,10.22,1.43,29.43,0.69,2.69,0.29,1,0,
3.88,22.46,6.58,0.76,7.78,1.1,18.93,0.48,1.72,0.36,0,0,
4.09,24.61,8.22,0.76,14.68,1.13,20.95,0.45,1.5,0.36,0,0,
4.1,16.63,9.01,0.74,10.63,1.26,19.93,0.68,2.55,0.19,0,0,
4.63,17.25,7.16,0.87,14.33,1.39,26.29,0.58,2.81,0.22,1,1,1.0
3.96,23.05,6.5,0.74,14.14,1.07,20.28,0.53,1.65,0.34,1,0,
4.11,20.81,7.91,0.85,9.43,1.21,20.91,0.54,2.0,0.27,0,0,
4.24,21.65,7.91,0.77,9.82,1.18,24.09,0.59,1.94,0.25,0,0,
4.07,21.02,8.55,0.64,17.12,1.19,18.17,0.59,1.9,0.38,0,0,
3.82,21.17,8.95,0.75,15.5,1.11,18.14,0.62,1.73,0.37,0,0,
4.08,16.02,7.94,0.71,11.94,1.31,22.59,0.66,2.32,0.16,0,0,
4.43,23.14,9.86,0.8,12.51,1.18,17.06,0.71,1.74,0.37,0,0,
3.59,23.51,8.22,0.7,10.74,1.08,17.28,0.66,1.53,0.33,1,0,
4.05,19.31,7.65,0.87,12.86,1.2,15.4,0.56,2.04,0.27,0,0,
3.72,19.87,6.39,0.79,10.57,1.12,22.09,0.49,1.64,0.28,0,0,
4.48,15.41,7.74,0.79,7.94,1.44,24.35,0.49,2.7,0.19,0,0,
3.39,21.54,7.66,0.85,9.36,1.06,15.23,0.55,1.6,0.43,1,0,
3.78,21.72,8.96,0.88,12.04,1.16,15.74,0.38,1.87,0.31,0,0,
4.15,19.81,8.46,0.8,9.74,1.18,19.99,0.58,2.12,0.26,0,0,
4.63,23.37,6.82,0.74,11.87,1.1,22.88,0.53,1.77,0.33,0,0,
3.97,19.0,8.17,0.66,9.85,1.2,22.04,0.65,1.87,0.33,0,0,
3.78,21.69,8.67,0.75,10.44,1.08,16.15,0.61,1.67,0.25,1,0,
4.75,16.94,9.53,0.75,13.71,1.4,22.0,0.7,2.54,0.2,0,0,
3.42,19.93,8.89,0.81,12.49,1.08,19.69,0.47,1.87,0.37,1,0,
3.12,19.48,8.76,0.77,11.98,1.12,14.58,0.63,1.7,0.3,0,0,
4.18,20.68,8.06,0.86,13.76,1.19,20.55,0.47,2.12,0.32,0,0,
3.8,18.89,8.39,0.75,12.96,1.21,20.12,0.52,1.9,0.38,0,0,
3.59,19.61,9.25,0.8,14.89,1.16,19.5,0.65,1.97,0.3,0,0,
4.28,22.48,6.67,0.89,11.08,1.18,22.47,0.64,1.94,0.31,0,0,
4.1,18.69,7.65,0.83,11.14,1.25,17.26,0.61,1.97,0.26,0,0,
3.77,15.18,7.23,0.8,9.4,1.34,15.77,0.56,2.52,0.15,0,0,
3.49,25.25,8.38,0.75,11.14,0.93,13.62,0.62,1.28,0.47,1,0,
4.35,24.14,9.23,0.75,13.93,1.2,24.73,0.6,1.76,0.41,0,1,0.0
4.26,16.12,7.4,0.73,14.6,1.34,29.05,0.53,2.41,0.28,1,0,
3.96,22.07,5.61,0.76,13.92,1.07,24.3,0.51,1.9,0.4,1,0,
4.74,18.49,7.59,0.86,8.41,1.37,23.13,0.47,2.33,0.25,0,0,
3.57,20.79,8.91,0.78,14.17,1.07,12.55,0.69,1.83,0.27,1,0,
3.39,20.88,8.54,0.69,8.32,1.12,10.09,0.6,1.75,0.32,0,0,
3.72,19.3,8.43,0.94,13.8,1.29,17.4,0.69,1.86,0.24,0,0,
3.98,17.65,7.72,0.83,11.26,1.23,20.51,0.66,2.43,0.26,0,0,
4.1,17.93,6.72,0.69,13.41,1.29,25.33,0.4,2.27,0.32,1,0,
3.9,17.25,8.52,0.76,9.34,1.18,23.59,0.58,2.3,0.24,0,0,
4.14,17.5,7.17,0.81,14.34,1.32,22.49,0.49,2.15,0.26,0,0,
3.5,19.8,10.18,0.94,9.07,1.09,15.43,0.56,2.03,0.29,1,0,
4.58,17.85,8.57,0.71,10.66,1.32,20.5,0.55,2.32,0.3,0,0,
3.97,22.05,7.42,0.88,10.0,1.08,19.61,0.77,1.88,0.31,1,0,
4.45,24.46,7.39,0.91,8.49,1.17,21.65,0.62,1.63,0.28,0,0,
4.14,18.26,7.91,0.75,12.19,1.32,22.59,0.75,2.17,0.29,0,0,
4.18,20.72,7.76,0.78,15.61,1.21,17.27,0.65,2.08,0.36,0,0,
4.23,21.5,9.12,0.72,17.33,1.15,22.11,0.6,2.04,0.35,0,0,
4.18,21.42,8.19,0.78,12.19,1.26,21.29,0.58,1.8,0.3,0,0,
4.26,20.23,7.27,0.8,14.23,1.19,17.7,0.61,2.19,0.25,0,0,
4.53,22.23,9.89,0.85,12.46,1.1,18.66,0.73,2.09,0.37,0,0,
4.08,21.45,8.05,0.89,13.0,1.19,21.66,0.56,1.79,0.34,0,0,
4.28,16.29,8.77,0.74,11.32,1.3,22.29,0.52,2.64,0.22,0,0,
3.96,22.61,7.39,0.64,12.39,1.17,23.32,0.83,1.58,0.44,0,0,
4.58,22.66,8.36,0.8,13.07,1.19,22.48,0.61,1.9,0.31,0,0,
3.73,17.71,8.31,0.82,10.84,1.26,18.6,0.59,2.17,0.34,0,0,
4.72,20.11,6.11,0.82,11.85,1.37,22.79,0.51,2.19,0.3,0,0,
3.98,22.05,10.02,0.77,11.88,1.08,19.1,0.68,1.81,0.25,1,0,
3.43,19.37,9.29,0.81,13.65,1.1,15.84,0.67,1.86,0.28,0,0,
4.05,23.22,7.6,0.92,9.87,1.11,15.86,0.68,1.68,0.41,0,0,
3.73,27.09,6.9,0.83,11.9,1.02,17.47,0.53,1.27,0.42,1,0,
4.34,17.64,8.35,0.77,15.82,1.29,25.06,0.52,2.35,0.18,1,0,
3.74,15.86,8.09,0.76,14.33,1.26,22.84,0.59,2.33,0.21,0,0,
3.82,20.91,8.36,0.79,14.7,1.17,23.38,0.58,1.95,0.28,0,0,
3.24,22.16,8.19,0.93,12.05,0.99,14.27,0.72,1.56,0.37,1,0,
3.82,19.31,8.51,0.79,12.64,1.2,24.65,0.72,2.08,0.32,0,0,
3.03,24.36,9.45,0.8,14.0,0.85,11.24,0.68,1.06,0.33,1,0,
3.37,15.98,8.57,0.76,15.12,1.34,16.44,0.53,2.2,0.18,0,0,
4.3,22.08,6.95,0.89,8.1,1.12,14.9,0.45,1.83,0.38,0,0,
4.31,18.18,9.36,0.96,9.37,1.29,20.83,0.67,2.18,0.22,0,0,
4.17,25.16,9.64,0.84,14.62,1.07,16.59,0.71,1.55,0.35,0,1,0.0
3.61,25.98,11.15,0.81,11.45,1.06,17.04,0.73,1.16,0.36,1,0,
3.98,17.7,6.88,0.8,10.66,1.2,21.81,0.51,2.3,0.27,0,0,
4.0,18.35,8.24,0.61,9.49,1.35,17.24,0.56,2.25,0.28,0,0,
3.54,22.58,5.92,0.86,10.89,1.09,15.68,0.49,1.37,0.32,1,1,1.0
4.6,18.84,8.55,0.81,9.2,1.35,21.87,0.44,2.27,0.28,0,1,0.0
4.35,19.86,7.45,0.83,16.18,1.21,16.14,0.48,2.01,0.37,0,0,
3.91,20.08,9.92,0.74,11.96,1.21,16.67,0.65,1.91,0.25,0,0,
4.01,14.24,7.23,0.77,11.88,1.34,20.61,0.66,2.63,0.09,0,0,
4.08,19.96,6.31,0.77,13.18,1.28,24.66,0.45,2.01,0.32,0,0,
3.18,17.93,7.53,0.88,13.92,1.09,18.34,0.59,1.82,0.25,1,0,
3.9,18.52,6.02,0.77,13.89,1.22,22.33,0.52,2.24,0.23,0,0,
3.73,24.33,8.75,0.97,14.15,1.0,12.25,0.74,1.23,0.42,1,0,
3.6,16.23,5.93,0.83,10.74,1.2,23.86,0.6,2.34,0.27,0,0,
3.89,22.44,8.03,0.7,11.4,1.15,22.23,0.6,1.66,0.24,0,0,
4.72,19.16,5.92,0.79,13.54,1.36,17.3,0.46,2.36,0.25,0,1,0.0
4.26,19.16,7.68,0.75,10.95,1.32,19.33,0.53,2.13,0.4,0,0,
3.77,22.37,9.64,0.62,11.99,1.01,19.39,0.66,1.83,0.38,1,0,
4.23,21.02,8.36,0.93,12.8,1.26,22.34,0.58,1.87,0.35,0,0,
4.56,21.71,7.14,0.86,13.57,1.36,19.35,0.6,2.05,0.39,0,0,
4.37,22.9,7.97,0.84,8.44,1.15,19.11,0.63,1.91,0.36,0,0,
4.02,19.01,8.02,0.81,13.43,1.33,18.8,0.65,1.95,0.32,0,0,
3.74,18.16,8.47,0.69,11.53,1.2,20.21,0.72,1.99,0.3,0,0,
4.28,16.74,6.63,0.76,13.41,1.27,26.34,0.68,2.42,0.26,1,0,
4.16,17.52,8.59,0.87,13.55,1.28,19.55,0.64,2.22,0.23,0,0,
4.36,28.85,5.3,0.72,15.22,1.04,20.01,0.55,1.18,0.49,0,0,
4.25,23.73,7.37,0.6,14.71,1.08,16.8,0.54,1.69,0.35,0,0,
4.42,15.95,7.51,0.78,14.69,1.35,21.16,0.67,2.64,0.22,0,1,0.0
3.79,16.03,8.63,0.79,14.89,1.32,23.58,0.72,2.28,0.16,0,0,
4.53,21.45,8.02,0.81,12.58,1.24,24.15,0.68,2.17,0.29,0,0,
4.08,21.64,6.59,0.86,12.06,1.19,22.05,0.54,1.77,0.32,0,0,
4.83,21.65,7.02,0.85,13.75,1.29,18.55,0.5,2.04,0.29,0,0,
3.72,19.24,8.2,0.82,13.46,1.21,17.88,0.5,2.16,0.26,0,0,
4.69,19.62,7.92,0.9,11.38,1.29,25.43,0.59,2.25,0.28,1,0,
4.08,20.98,7.42,0.68,12.81,1.19,19.95,0.69,1.8,0.34,0,0,
3.74,20.26,7.52,0.84,11.93,1.11,15.61,0.55,1.7,0.35,0,0,
3.81,13.34,8.7,0.85,10.29,1.44,23.93,0.7,2.7,0.14,0,0,
3.87,19.31,7.48,0.7,14.58,1.17,17.69,0.64,1.98,0.35,0,0,
4.17,17.45,7.91,0.68,12.11,1.36,27.34,0.57,2.3,0.3,1,0,
4.21,20.53,10.17,0.74,16.1,1.2,25.21,0.81,2.02,0.34,1,1,1.0
3.77,28.96,6.58,0.75,8.75,0.91,16.42,0.3,1.11,0.49,1,1,1.0
3.99,21.1,6.15,0.86,10.89,1.14,23.49,0.41,1.87,0.34,0,0,
4.86,19.06,8.78,0.75,12.07,1.31,24.09,0.57,2.67,0.34,0,0,
4.69,22.77,7.32,0.73,14.27,1.13,23.68,0.5,2.01,0.42,0,0,
4.17,21.45,7.68,0.75,12.8,1.13,24.41,0.61,2.03,0.4,0,0,
4.02,21.26,7.22,0.89,12.62,1.15,20.17,0.58,1.96,0.33,0,0,
4.05,21.82,7.74,0.8,9.75,1.16,18.52,0.62,1.83,0.36,0,0,
4.25,26.17,9.6,0.79,9.69,1.1,12.78,0.73,1.42,0.49,0,0,
3.59,16.61,8.8,0.79,12.65,1.22,19.81,0.56,2.21,0.2,0,0,
3.9,21.42,8.86,0.9,9.27,1.1,21.35,0.55,1.87,0.31,1,1,1.0
3.33,17.22,6.58,0.74,10.94,1.11,21.56,0.56,1.95,0.25,0,0,
4.16,21.67,6.85,0.91,13.0,1.2,21.32,0.49,1.91,0.38,0,0,
4.26,17.24,5.16,0.82,10.04,1.39,20.79,0.33,2.5,0.29,0,0,
3.81,18.75,7.19,0.79,15.21,1.27,13.92,0.64,2.25,0.26,0,0,
4.63,19.11,8.96,1.0,14.45,1.36,21.48,0.76,2.43,0.21,0,0,
3.51,22.93,8.52,0.72,8.86,1.07,15.66,0.75,1.7,0.37,1,0,
3.41,22.76,7.78,0.77,10.14,1.11,15.34,0.6,1.43,0.31,0,1,0.0
4.09,16.26,7.98,0.7,7.43,1.34,24.08,0.65,2.48,0.15,0,0,
4.42,20.16,7.31,0.88,10.43,1.29,27.55,0.68,2.28,0.24,1,0,
4.67,17.87,8.2,0.94,13.53,1.35,24.13,0.56,2.39,0.27,0,0,
3.82,16.22,8.77,0.93,11.17,1.22,20.5,0.73,2.26,0.29,0,0,
4.43,19.35,6.38,0.9,12.92,1.25,21.27,0.54,2.41,0.29,0,0,
3.98,19.07,8.3,0.78,8.96,1.22,20.77,0.69,1.99,0.29,0,0,
3.93,27.28,8.93,0.77,13.6,0.97,13.6,0.66,1.11,0.5,1,0,
4.35,21.3,7.58,0.67,10.89,1.31,21.13,0.68,2.16,0.25,0,0,
4.26,15.87,8.7,0.96,12.02,1.37,24.46,0.65,2.64,0.24,0,0,
3.37,18.31,10.81,0.84,11.81,1.22,18.95,0.62,1.96,0.27,0,0,
4.59,23.06,7.9,0.76,9.46,1.17,22.2,0.71,1.93,0.39,0,0,
4.55,26.27,8.39,0.91,9.69,1.08,20.38,0.54,1.55,0.4,0,0,
3.75,15.24,7.26,0.72,13.94,1.24,16.06,0.66,2.4,0.16,0,0,
4.16,14.36,8.18,0.83,12.8,1.36,25.36,0.6,2.79,0.19,1,1,1.0
4.2,25.61,8.46,0.79,14.1,1.09,15.97,0.72,1.54,0.49,0,0,
4.1,21.17,8.19,0.85,12.65,1.18,16.55,0.7,2.14,0.37,0,0,
3.78,17.4,6.98,0.79,12.29,1.29,17.11,0.58,2.08,0.22,0,0,
3.73,21.6,8.21,0.68,8.55,1.12,19.42,0.65,1.73,0.27,0,0,
3.99,12.09,9.46,0.81,11.46,1.42,23.25,0.71,2.75,0.06,0,0,
4.47,20.01,8.45,0.88,11.95,1.38,16.83,0.46,2.08,0.37,0,0,
4.22,20.98,8.96,0.8,15.91,1.2,21.81,0.66,1.97,0.27,0,0,
3.85,22.77,7.76,0.86,13.37,1.15,13.7,0.5,1.71,0.34,0,1,0.0
4.31,16.96,8.75,0.72,15.07,1.32,23.18,0.65,2.48,0.31,0,0,
2.86,20.26,8.28,0.8,13.2,1.06,16.03,0.52,1.74,0.22,1,0,
4.46,17.22,7.05,0.75,10.58,1.4,25.88,0.46,2.51,0.32,1,1,1.0
3.3,20.77,8.32,0.86,12.23,1.08,22.18,0.74,1.76,0.3,1,0,
3.86,17.31,7.01,0.8,12.47,1.14,16.67,0.64,2.22,0.19,0,0,
3.55,18.78,7.37,0.86,10.12,1.17,18.66,0.57,2.11,0.26,0,0,
3.48,17.01,8.19,0.89,11.23,1.27,18.59,0.62,2.33,0.2,0,0,
4.46,21.95,8.3,0.86,11.59,1.24,22.18,0.6,2.04,0.36,0,0,
3.81,22.58,6.81,0.82,15.21,1.12,18.61,0.59,1.57,0.32,0,0,
4.14,19.3,9.05,0.72,7.84,1.16,19.85,0.6,2.07,0.19,0,0,
3.98,20.11,8.57,0.8,14.41,1.16,18.54,0.71,2.01,0.29,0,0,
4.19,15.65,7.3,0.76,10.13,1.38,19.59,0.54,2.56,0.15,0,0,
4.03,19.1,6.46,0.77,9.26,1.25,23.54,0.49,2.17,0.29,0,0,
3.49,19.85,7.86,0.77,14.36,1.19,19.4,0.59,1.86,0.24,0,0,
4.4,27.86,7.55,0.72,13.46,1.02,20.42,0.53,1.37,0.43,0,0,
3.8,16.66,8.11,0.64,14.51,1.29,19.95,0.63,2.19,0.24,0,0,
3.38,24.39,7.64,0.75,13.6,0.98,13.34,0.54,1.35,0.38,1,0,
3.83,22.99,5.99,0.82,16.12,1.04,14.58,0.54,1.82,0.37,1,0,
4.6,20.84,7.61,0.69,13.12,1.15,23.06,0.68,2.26,0.35,0,0,
4.34,25.28,7.69,0.8,11.69,1.11,15.6,0.53,1.66,0.35,0,0,
3.86,21.12,8.63,0.95,12.69,1.15,24.43,0.62,1.94,0.32,0,0,
3.86,21.17,7.3,0.88,14.49,1.11,14.93,0.6,1.79,0.16,0,0,
3.87,19.84,9.68,0.93,10.44,1.1,20.39,0.65,1.91,0.31,0,0,
4.83,23.67,6.09,0.83,10.7,1.25,26.19,0.54,1.89,0.36,1,1,1.0
4.15,23.29,9.31,0.89,11.38,1.11,20.76,0.71,1.72,0.32,0,0,
4.17,18.12,7.78,0.74,7.79,1.31,22.15,0.68,2.21,0.28,0,0,
4.41,16.04,8.86,0.75,12.28,1.47,20.72,0.59,2.68,0.28,0,0,
4.1,19.39,8.08,0.58,8.23,1.13,16.54,0.53,2.05,0.26,0,0,
3.9,17.6,9.14,0.89,12.11,1.22,23.1,0.63,2.12,0.2,0,0,
3.92,19.81,7.61,0.92,13.73,1.18,24.3,0.5,2.18,0.3,0,0,
3.97,23.71,6.9,0.76,11.05,1.16,16.71,0.59,1.57,0.31,0,0,
3.99,18.63,9.42,0.78,15.35,1.16,17.21,0.58,2.15,0.24,0,0,
4.29,19.87,7.89,0.74,9.08,1.34,13.85,0.78,2.17,0.36,0,0,
4.02,20.17,8.22,0.83,14.38,1.2,17.05,0.71,1.88,0.31,0,0,
4.29,22.55,9.23,0.89,13.35,1.16,19.56,0.66,1.99,0.26,0,0,
3.97,13.26,6.97,0.66,8.57,1.39,28.04,0.62,2.72,0.08,1,0,
4.03,18.18,8.6,0.83,17.42,1.24,23.06,0.5,2.35,0.27,0,0,
3.2,20.63,7.41,0.78,11.87,1.11,17.4,0.77,1.55,0.36,0,0,
4.37,23.6,7.87,0.81,10.25,1.09,18.47,0.55,1.8,0.29,0,0,
4.14,18.52,8.07,0.84,9.19,1.28,19.54,0.59,2.21,0.29,0,0,
4.4,14.37,6.5,0.78,11.56,1.41,28.63,0.38,2.75,0.25,1,0,
2.84,21.86,7.22,0.79,11.75,0.93,15.04,0.6,1.21,0.43,1,0,
4.84,18.09,9.35,0.78,12.21,1.51,17.99,0.58,2.54,0.28,0,0,
3.94,16.43,8.89,0.88,11.4,1.32,19.54,0.65,2.19,0.25,0,0,
4.44,18.13,7.94,0.83,13.27,1.35,20.13,0.55,2.4,0.16,0,0,
3.58,19.45,8.24,0.82,11.22,1.21,16.97,0.53,1.68,0.39,0,0,
4.25,18.19,7.71,0.7,8.13,1.22,23.58,0.52,2.09,0.23,0,0,
3.58,13.38,9.36,0.77,11.7,1.42,21.3,0.69,2.57,0.12,0,0,
3.75,22.69,7.8,0.87,7.27,0.96,17.43,0.49,1.58,0.34,1,0,
4.77,23.82,8.23,0.8,12.71,1.16,25.09,0.55,1.82,0.45,1,0,
3.92,21.95,9.15,0.85,10.04,1.11,16.63,0.71,1.9,0.45,0,0,
4.09,16.59,7.22,0.94,12.33,1.34,27.65,0.77,2.41,0.24,1,0,
4.35,19.4,9.56,0.88,14.63,1.28,19.68,0.72,2.29,0.34,0,0,
4.2,19.98,6.47,0.81,10.1,1.22,21.07,0.45,2.06,0.3,0,0,
4.06,21.8,9.63,0.76,14.12,1.15,18.5,0.65,2.11,0.28,0,0,
4.15,22.01,7.63,0.6,11.13,1.11,19.95,0.58,1.8,0.41,0,0,
4.96,17.8,7.76,0.79,15.51,1.34,26.28,0.56,2.78,0.22,1,0,
3.98,20.25,6.11,0.77,11.27,1.23,21.09,0.58,1.96,0.38,0,0,
4.08,21.37,7.55,0.83,10.32,1.21,17.38,0.59,1.73,0.39,0,0,
4.42,24.37,6.96,0.79,13.37,1.21,16.13,0.62,1.78,0.42,0,0,
4.44,22.11,7.39,0.77,11.13,1.16,28.22,0.54,2.0,0.43,1,0,
4.47,22.37,7.86,0.66,10.32,1.23,19.26,0.7,1.85,0.46,0,0,
4.26,20.25,8.96,0.72,11.04,1.22,22.99,0.63,1.98,0.3,0,0,
3.54,24.23,8.21,0.84,11.91,1.06,11.23,0.53,1.39,0.34,1,0,
4.65,21.23,8.31,0.94,14.68,1.31,21.16,0.79,2.17,0.23,0,0,
3.54,17.42,6.9,0.79,8.13,1.22,19.08,0.4,1.83,0.36,0,0,
4.12,24.21,7.12,0.83,12.05,1.07,19.8,0.5,1.73,0.36,0,0,
3.7,22.09,9.8,0.88,13.25,1.14,9.58,0.64,1.62,0.4,0,0,
3.97,18.67,7.26,0.74,12.39,1.27,21.06,0.76,1.99,0.24,0,0,
4.13,18.56,9.66,0.83,14.62,1.23,17.8,0.83,2.29,0.35,0,0,
4.13,20.89,7.76,0.74,11.85,1.13,21.04,0.71,1.96,0.28,0,0,
4.17,21.39,8.0,0.87,11.63,1.17,16.87,0.57,2.05,0.27,0,0,
4.65,20.59,9.07,0.81,13.18,1.35,19.72,0.85,2.24,0.3,0,1,0.0
4.18,20.93,9.27,0.82,12.2,1.26,19.44,0.69,1.98,0.29,0,0,
3.9,25.1,7.89,0.74,11.22,0.98,13.9,0.67,1.44,0.43,1,0,
4.39,23.21,7.61,0.86,13.03,1.1,18.51,0.59,1.88,0.36,0,0,
4.48,20.57,7.94,0.97,10.69,1.32,18.04,0.59,2.09,0.34,0,0,
3.51,22.82,8.34,0.72,10.78,0.98,11.12,0.6,1.44,0.34,1,0,
4.24,16.9,8.89,0.77,10.94,1.35,25.56,0.63,2.47,0.2,1,0,
4.28,21.19,8.0,0.82,14.71,1.18,16.64,0.65,1.98,0.29,0,0,
3.88,25.43,8.62,0.86,5.56,1.1,16.27,0.66,1.41,0.51,0,1,0.0
4.55,19.35,9.64,0.76,12.79,1.26,24.79,0.68,2.39,0.3,0,0,
3.94,17.46,8.38,0.57,12.07,1.32,19.19,0.74,2.22,0.15,0,0,
4.05,18.04,8.31,0.91,8.64,1.28,18.7,0.38,2.22,0.23,0,0,
3.93,16.73,6.48,0.86,12.62,1.3,22.04,0.56,2.24,0.24,0,0,
4.01,17.65,5.37,0.66,12.95,1.17,24.56,0.53,2.28,0.35,0,0,
3.56,18.89,8.39,0.75,13.18,1.06,15.29,0.71,1.97,0.33,1,0,
3.42,15.78,7.91,0.93,6.7,1.23,19.35,0.59,2.28,0.17,0,0,
4.64,20.05,7.49,0.92,14.73,1.31,17.33,0.59,2.19,0.42,0,0,
3.66,22.71,8.24,0.88,10.52,1.01,16.11,0.69,1.55,0.35,1,1,1.0
3.6,17.28,7.94,0.79,13.37,1.17,19.88,0.72,2.19,0.31,0,0,
3.14,24.56,9.13,0.81,13.48,0.96,11.71,0.63,1.22,0.33,1,0,
3.74,21.53,8.09,0.79,10.25,1.14,16.84,0.63,1.65,0.21,0,0,
3.47,23.09,7.25,0.89,13.32,1.02,12.11,0.7,1.61,0.29,1,0,
4.66,18.03,8.99,0.73,11.23,1.4,23.85,0.48,2.29,0.1,0,0,
4.4,22.56,7.78,0.74,7.86,1.12,23.5,0.53,1.98,0.46,0,1,0.0
3.72,16.72,8.53,0.88,14.34,1.24,17.25,0.74,2.09,0.25,0,0,
4.9,22.67,7.52,0.8,10.45,1.34,20.4,0.66,2.28,0.31,0,0,
4.39,20.52,7.35,0.91,10.29,1.25,22.82,0.61,1.95,0.33,0,0,
3.87,21.66,8.08,0.75,11.19,1.14,22.29,0.57,1.9,0.34,0,1,0.0
3.0,16.47,8.01,0.8,12.54,1.27,13.28,0.53,1.94,0.26,0,0,
4.92,17.31,8.48,0.73,11.89,1.35,24.5,0.58,2.6,0.31,0,0,
3.44,21.79,7.73,0.8,13.1,1.1,17.73,0.71,1.62,0.32,0,0,
3.34,17.15,6.16,0.68,9.32,1.27,18.48,0.46,2.08,0.2,0,0,
4.41,21.39,7.57,0.76,10.52,1.2,13.51,0.59,1.93,0.37,0,0,
4.98,15.9,8.79,0.69,11.77,1.51,27.46,0.58,2.72,0.26,1,0,
4.55,22.54,7.7,0.86,15.8,1.16,25.5,0.65,2.03,0.36,1,0,
4.23,16.3,7.75,0.86,11.77,1.31,23.1,0.54,2.29,0.33,0,0,
4.24,21.66,8.99,0.66,14.17,1.21,17.03,0.64,1.87,0.31,0,0,
4.34,21.88,7.29,0.91,12.08,1.23,18.89,0.43,2.25,0.29,0,0,
4.3,17.91,6.46,1.0,11.03,1.36,27.57,0.39,2.23,0.28,1,0,
4.11,21.75,7.84,0.8,11.51,1.24,22.31,0.59,1.99,0.3,0,0,
4.04,20.78,7.52,0.75,11.66,1.18,21.7,0.47,1.88,0.34,0,0,
3.97,18.38,7.03,1.03,13.21,1.3,21.78,0.72,2.2,0.23,0,1,0.0
3.7,16.97,7.82,0.69,14.75,1.23,18.32,0.43,2.25,0.22,0,0,
3.89,14.11,8.49,0.8,12.72,1.4,21.89,0.56,2.66,0.28,0,0,
3.32,21.05,7.99,0.81,14.37,1.08,16.53,0.6,1.6,0.3,1,0,
3.96,15.31,8.31,0.91,10.07,1.36,23.84,0.59,2.65,0.17,0,0,
3.6,20.29,9.81,0.83,11.17,1.15,22.8,0.6,1.75,0.36,0,0,
3.56,19.21,7.66,0.76,10.55,1.08,21.98,0.51,1.93,0.23,1,0,
4.07,22.04,8.28,0.72,12.63,1.09,15.01,0.53,1.85,0.31,0,0,
4.56,19.09,7.49,0.77,11.28,1.32,23.35,0.55,2.2,0.31,0,1,0.0
4.37,19.01,7.15,0.72,13.46,1.2,24.17,0.71,2.22,0.33,0,0,
3.37,22.2,7.42,0.8,10.14,1.08,18.25,0.58,1.55,0.4,1,0,
3.6,21.01,7.52,0.75,12.09,1.15,16.03,0.67,1.7,0.28,0,0,
4.38,20.95,8.36,0.68,13.37,1.24,29.77,0.66,2.3,0.35,1,1,1.0
3.61,21.41,10.35,0.9,7.87,1.04,13.89,0.81,1.62,0.3,1,0,
3.91,15.39,7.28,0.76,16.24,1.39,18.69,0.34,2.54,0.18,0,0,
4.22,22.27,7.58,0.7,11.43,1.27,20.45,0.55,1.95,0.41,0,0,
3.61,21.84,7.94,0.79,7.95,1.09,23.88,0.7,1.66,0.31,1,0,
4.04,16.95,8.4,0.81,12.32,1.32,19.19,0.57,2.24,0.25,0,0,
3.47,19.27,8.26,0.66,12.07,1.15,17.43,0.75,1.78,0.29,0,1,0.0
3.76,19.88,9.28,0.83,11.84,1.19,22.33,0.78,1.86,0.24,0,1,0.0
4.13,19.6,5.57,0.72,13.98,1.23,20.66,0.44,1.91,0.34,0,0,
3.36,21.0,5.61,0.94,13.49,1.07,15.95,0.44,1.54,0.35,1,0,
4.18,24.29,7.5,0.84,12.6,1.14,20.25,0.49,1.49,0.29,0,0,
3.99,23.25,9.1,0.77,12.9,1.22,19.16,0.6,1.81,0.38,0,0,
4.22,16.06,6.43,0.74,11.79,1.28,25.94,0.42,2.54,0.18,1,0,
4.09,21.87,4.99,0.79,15.55,1.15,23.3,0.48,1.93,0.39,0,0,
4.55,23.99,8.57,0.85,9.04,1.1,21.11,0.51,1.88,0.31,0,0,
4.05,21.16,8.24,0.8,12.28,1.25,20.5,0.66,1.92,0.31,0,0,
3.83,23.27,6.91,0.78,12.13,1.05,18.32,0.6,1.75,0.38,1,0,
4.05,26.04,7.01,0.8,13.63,0.95,18.64,0.42,1.35,0.42,0,0,
4.22,23.07,7.03,0.75,10.31,1.17,19.5,0.68,1.79,0.4,0,0,
4.02,20.75,8.11,0.77,8.51,1.27,19.7,0.65,2.01,0.24,0,0,
4.02,23.14,7.37,0.63,12.31,1.14,22.09,0.63,1.56,0.45,0,0,
3.72,20.43,8.49,0.88,12.56,1.16,23.21,0.56,2.15,0.33,0,0,
3.73,20.07,5.15,0.82,14.98,1.18,14.38,0.51,1.89,0.37,0,0,
3.44,18.95,7.14,0.74,9.46,1.22,18.31,0.65,1.9,0.32,0,0,
4.7,24.69,6.87,0.95,14.31,1.12,18.39,0.54,1.94,0.39,0,0,
3.5,17.54,7.74,0.81,16.73,1.19,18.3,0.75,2.14,0.19,0,0,
3.72,24.6,7.46,0.72,11.24,1.0,17.8,0.58,1.43,0.36,1,0,
3.71,21.5,8.8,0.87,9.42,1.05,20.11,0.73,1.75,0.41,1,0,
4.36,15.8,6.14,0.83,11.19,1.36,23.19,0.53,2.41,0.29,0,0,
3.88,21.1,8.05,0.83,12.03,1.2,13.24,0.65,1.79,0.29,0,0,
4.5,13.7,8.56,0.77,13.13,1.49,22.25,0.49,2.88,0.03,0,0,
3.73,21.88,9.86,0.84,10.82,1.14,20.67,0.72,1.75,0.33,0,0,
4.11,22.66,7.52,0.78,15.11,1.14,10.9,0.52,1.9,0.34,0,0,
3.67,18.22,8.32,0.84,9.77,1.23,23.11,0.55,2.03,0.25,0,0,
4.86,20.37,6.2,0.65,8.52,1.28,24.81,0.65,2.17,0.33,0,0,
3.52,25.86,5.61,0.77,14.21,0.94,19.12,0.46,1.33,0.46,1,0,
4.12,18.48,8.84,0.94,7.45,1.27,20.66,0.56,2.34,0.32,0,1,0.0
4.25,16.82,7.99,0.74,11.59,1.35,16.42,0.57,2.51,0.26,0,0,
4.17,24.44,9.18,0.75,18.24,1.11,19.73,0.55,1.61,0.3,0,0,
3.93,25.89,6.63,0.76,11.98,1.01,20.58,0.65,1.49,0.4,1,0,
3.95,20.01,8.52,0.7,9.76,1.17,22.56,0.57,2.32,0.42,0,0,
4.02,23.03,9.87,0.62,11.89,1.27,16.56,0.74,1.72,0.38,0,0,
3.94,24.02,8.42,0.78,11.9,1.12,18.01,0.73,1.44,0.4,0,0,
4.39,17.77,8.28,0.81,12.32,1.35,21.06,0.57,2.32,0.27,0,0,
4.88,18.54,8.01,0.8,13.32,1.36,21.81,0.64,2.56,0.29,0,0,
3.78,23.69,6.43,0.79,9.92,1.03,20.13,0.44,1.38,0.25,1,0,
3.45,25.06,9.36,0.8,15.38,0.96,11.69,0.86,1.29,0.39,1,0,
3.96,21.69,7.39,0.88,12.49,1.16,16.33,0.64,1.86,0.33,0,0,
5.03,17.36,8.5,0.78,13.45,1.34,22.14,0.61,2.83,0.31,0,0,
3.68,25.96,6.44,0.75,10.74,0.89,11.26,0.46,1.41,0.42,1,0,
4.66,18.41,6.82,0.78,14.57,1.31,23.86,0.53,2.51,0.19,0,0,
4.67,18.99,9.44,0.85,11.49,1.34,26.67,0.64,2.15,0.3,1,0,
3.78,21.03,7.65,0.91,12.56,1.12,18.05,0.74,1.9,0.28,0,0,
4.23,24.66,9.45,0.75,10.13,1.17,14.06,0.57,1.7,0.33,0,0,
4.65,22.56,7.92,0.81,10.01,1.15,23.84,0.61,2.03,0.31,0,0,
3.85,21.24,6.16,0.83,13.38,1.1,23.83,0.51,1.64,0.35,0,0,
3.92,21.39,8.89,0.72,11.11,1.22,17.04,0.64,1.75,0.39,0,1,0.0
3.77,20.13,7.41,0.8,10.29,1.17,17.57,0.56,1.78,0.33,0,0,
3.59,21.67,8.7,0.68,10.71,1.13,19.09,0.63,1.47,0.37,0,0,
3.74,12.41,8.03,0.66,13.4,1.49,27.62,0.67,2.65,0.17,1,1,1.0
3.51,19.11,6.46,0.83,10.74,1.12,16.93,0.57,1.81,0.29,0,0,
4.01,20.72,8.16,0.77,11.76,1.18,15.7,0.64,2.2,0.35,0,1,0.0
3.69,16.55,10.2,0.82,12.03,1.24,22.39,0.47,2.21,0.11,0,0,
4.09,21.16,8.49,0.8,8.17,1.08,22.19,0.65,2.05,0.33,0,0,
3.38,19.39,7.94,0.72,9.06,1.11,17.84,0.46,1.66,0.24,0,0,
4.13,25.27,9.08,0.8,12.67,1.11,16.22,0.71,1.47,0.46,0,0,
4.33,24.72,8.21,0.7,10.53,1.14,21.96,0.73,1.67,0.39,0,0,
3.2,18.6,8.21,0.91,14.11,1.15,19.09,0.54,1.73,0.27,0,0,
4.15,19.55,6.91,0.69,13.93,1.22,18.52,0.52,2.06,0.22,0,0,
4.49,19.78,8.23,0.78,13.44,1.25,22.22,0.56,2.2,0.35,0,0,
3.52,18.65,9.04,0.72,15.64,1.23,14.69,0.75,1.92,0.3,0,0,
4.67,20.59,7.16,0.85,11.83,1.26,24.44,0.57,2.39,0.34,0,0,
4.17,17.73,9.42,0.77,13.3,1.31,21.02,0.81,2.33,0.21,0,0,
3.72,16.61,7.91,0.76,10.83,1.27,19.26,0.63,2.27,0.19,0,0,
3.98,21.87,7.11,0.87,16.9,1.21,18.88,0.58,1.86,0.35,0,0,
4.22,21.89,9.0,0.8,15.97,1.23,20.07,0.66,1.96,0.3,0,0,
4.03,17.59,7.71,0.84,12.02,1.21,24.01,0.65,2.25,0.27,0,0,
4.22,22.69,8.76,0.72,12.77,1.09,21.29,0.5,1.79,0.25,0,0,
3.63,18.11,7.71,0.69,14.72,1.23,19.01,0.59,2.06,0.24,0,0,
4.07,20.76,7.94,0.81,11.71,1.18,22.18,0.59,2.07,0.41,0,0,
3.43,22.46,8.49,0.77,10.69,1.02,17.71,0.68,1.64,0.37,1,0,
3.96,19.9,8.29,0.85,13.75,1.25,18.59,0.6,1.97,0.31,0,0,
3.64,21.36,6.0,0.79,12.16,1.11,17.5,0.42,1.8,0.43,0,0,
3.71,18.45,6.88,0.82,12.37,1.2,19.15,0.54,2.02,0.15,0,0,
4.49,19.41,8.93,0.67,10.33,1.33,23.79,0.56,2.26,0.25,0,0,
4.44,19.38,7.87,0.95,8.56,1.27,20.95,0.44,2.19,0.27,0,0,
4.24,17.76,7.48,0.79,12.47,1.38,20.92,0.63,2.3,0.3,0,0,
3.56,19.47,6.64,0.86,13.81,1.11,24.42,0.58,2.01,0.33,0,0,
3.87,15.35,6.92,0.73,11.55,1.35,24.64,0.58,2.42,0.16,0,0,
4.49,18.53,5.98,0.82,14.87,1.39,20.4,0.6,2.35,0.32,0,0,
4.06,19.15,7.9,0.7,10.59,1.17,22.37,0.54,1.96,0.26,0,0,
4.93,19.23,7.4,0.84,9.89,1.35,24.45,0.46,2.42,0.35,0,0,
4.16,19.28,7.03,0.77,11.87,1.3,22.17,0.55,2.11,0.23,0,0,
4.08,19.81,7.93,0.8,11.83,1.27,20.81,0.57,1.97,0.29,0,0,
3.88,21.44,8.36,0.86,13.54,1.13,22.36,0.55,1.81,0.3,0,0,
4.05,22.62,10.09,0.7,10.45,1.09,19.94,0.7,1.72,0.41,0,1,0.0
3.94,18.05,6.49,0.75,14.74,1.3,20.54,0.48,2.18,0.23,0,0,
4.28,16.39,9.16,0.84,15.93,1.41,26.06,0.51,2.49,0.23,1,0,
4.38,16.87,8.97,0.97,11.92,1.29,23.79,0.61,2.37,0.26,0,1,0.0
3.69,18.54,7.22,0.79,14.5,1.14,19.84,0.47,1.98,0.3,0,0,
3.47,18.94,8.2,0.85,9.89,1.16,19.34,0.63,1.9,0.32,0,1,0.0
3.27,17.69,7.54,0.79,14.15,1.19,17.94,0.52,2.06,0.26,0,0,
4.2,16.11,8.19,0.96,14.09,1.33,22.78,0.7,2.5,0.2,0,0,
3.56,18.63,9.51,0.66,13.73,1.21,17.16,0.8,1.89,0.26,0,0,
3.14,20.54,8.61,0.81,11.97,1.02,14.03,0.68,1.64,0.31,1,0,
4.16,21.79,8.51,0.67,6.09,1.06,16.73,0.5,2.05,0.35,0,1,0.0
5.0,18.33,7.57,0.6,10.72,1.38,20.65,0.7,2.66,0.26,0,0,
4.0,18.76,6.52,0.82,10.75,1.24,17.97,0.65,2.18,0.28,0,0,
4.34,17.22,7.79,0.81,10.04,1.32,22.21,0.59,2.48,0.17,0,0,
4.03,19.91,9.21,0.78,12.24,1.15,20.49,0.77,2.17,0.33,0,0,
3.96,17.45,6.47,0.79,11.16,1.18,20.3,0.48,2.35,0.26,0,0,
4.37,21.72,6.94,1.05,10.35,1.18,13.54,0.4,2.03,0.38,0,0,
3.88,14.64,8.13,0.78,9.88,1.39,26.94,0.55,2.6,0.19,1,0,
4.11,18.92,7.02,0.84,10.57,1.31,24.23,0.69,2.04,0.19,0,0,
4.13,20.9,7.21,0.75,14.24,1.25,21.4,0.44,1.81,0.3,0,0,
3.73,20.55,7.58,0.82,10.68,1.1,24.38,0.58,1.85,0.3,0,0,
4.4,28.08,6.63,0.78,10.97,0.96,14.62,0.53,1.36,0.5,0,0,
3.93,21.05,7.03,0.77,11.09,1.18,24.86,0.51,1.81,0.22,0,0,
3.7,16.99,8.7,0.95,12.68,1.28,17.4,0.6,2.26,0.24,0,0,
4.21,19.71,6.69,0.89,12.91,1.26,21.72,0.54,1.93,0.32,0,1,0.0
3.64,14.67,6.4,0.81,5.91,1.21,17.41,0.48,2.34,0.16,0,0,
4.01,19.76,7.37,0.62,14.04,1.17,20.21,0.45,1.98,0.3,0,0,
4.0,17.5,8.73,0.77,14.87,1.27,22.39,0.65,2.08,0.22,0,0,
4.43,22.75,7.8,1.02,9.9,1.21,19.9,0.68,2.05,0.32,0,0,
4.19,18.35,7.54,0.78,10.06,1.32,23.73,0.65,2.1,0.25,0,0,
3.99,19.65,8.04,0.89,11.1,1.22,20.43,0.54,1.97,0.26,0,0,
4.33,18.09,6.25,0.92,10.49,1.32,20.69,0.41,2.41,0.3,0,0,
4.56,25.22,8.49,0.82,12.45,1.13,17.92,0.6,1.77,0.37,0,0,
4.22,19.04,8.38,0.73,8.11,1.3,23.81,0.74,2.07,0.24,0,0,
4.0,25.5,7.59,0.61,9.76,1.05,15.31,0.63,1.52,0.5,0,0,
3.48,22.44,9.01,0.85,15.08,1.05,19.43,0.71,1.57,0.4,1,0,
3.57,21.45,6.87,0.73,10.14,1.08,21.24,0.61,1.92,0.24,1,0,
3.88,21.11,9.13,0.81,14.49,1.15,13.95,0.69,1.88,0.28,0,0,
3.76,21.18,8.15,0.7,12.71,1.15,21.83,0.62,1.77,0.34,0,0,
3.93,14.22,7.66,0.78,8.38,1.38,28.77,0.64,2.46,0.2,1,1,1.0
4.02,19.16,7.98,0.8,13.27,1.25,21.26,0.56,2.02,0.21,0,0,
4.21,22.54,7.89,0.82,11.76,1.22,21.38,0.48,1.75,0.41,0,0,
3.97,19.85,9.22,0.71,11.09,1.21,23.07,0.72,2.14,0.34,0,1,0.0
4.19,15.78,6.92,0.9,12.49,1.32,22.06,0.65,2.5,0.24,0,0,
4.03,19.84,7.24,0.75,12.95,1.25,20.73,0.47,2.08,0.36,0,0,
3.21,25.11,9.04,0.67,13.42,0.86,10.34,0.72,1.32,0.42,1,0,
3.62,23.74,7.4,0.79,14.36,0.98,17.04,0.7,1.24,0.4,1,0,
3.94,19.81,8.9,0.8,12.82,1.21,21.36,0.64,2.12,0.37,0,0,
3.52,22.85,9.7,0.81,9.25,1.07,18.19,0.62,1.53,0.41,1,1,1.0
4.24,18.9,7.6,0.91,11.05,1.21,24.71,0.59,2.25,0.24,0,0,
4.61,14.89,8.68,0.78,17.89,1.43,22.68,0.59,2.67,0.23,0,0,
4.49,17.23,6.85,0.79,13.45,1.33,21.74,0.49,2.4,0.21,0,0,
3.91,24.69,8.75,0.71,16.74,1.02,23.0,0.67,1.55,0.42,1,0,
4.6,19.18,8.2,0.87,14.79,1.36,22.35,0.48,2.56,0.31,0,0,
4.06,19.27,8.47,0.81,12.48,1.27,21.2,0.51,2.2,0.22,0,0,
3.87,19.1,7.35,0.77,12.6,1.21,19.71,0.57,2.16,0.28,0,0,
3.75,25.71,6.34,0.65,11.93,0.96,13.7,0.52,1.31,0.43,1,0,
3.88,24.88,8.5,0.92,8.52,0.97,21.95,0.65,1.4,0.38,1,0,
3.84,26.66,5.94,0.7,12.04,1.05,14.47,0.65,1.19,0.45,1,0,
4.07,19.52,7.68,0.75,14.42,1.25,17.13,0.59,2.03,0.33,0,0,
4.06,20.89,8.94,0.83,10.8,1.15,18.46,0.69,1.73,0.32,0,0,
4.0,15.45,8.19,0.7,12.82,1.37,16.27,0.53,2.38,0.22,0,0,
4.17,24.43,9.95,0.68,13.7,1.09,16.53,0.76,1.57,0.46,0,0,
4.48,16.5,9.03,0.63,10.18,1.36,20.75,0.61,2.52,0.25,0,0,
4.38,20.65,7.35,0.86,11.1,1.26,23.05,0.57,2.1,0.32,0,0,
3.41,16.71,8.03,0.76,9.96,1.17,17.25,0.59,2.13,0.19,0,0,
2.98,18.23,7.95,1.03,10.36,1.08,19.46,0.68,1.77,0.3,1,0,
4.37,17.49,6.42,0.72,9.42,1.34,26.95,0.42,2.34,0.27,1,0,
3.45,18.18,7.06,0.73,10.2,1.15,21.07,0.37,1.77,0.33,0,0,
3.91,18.38,7.44,0.75,14.84,1.27,19.8,0.55,2.07,0.27,0,0,
3.53,18.36,5.96,0.82,10.17,1.27,19.37,0.54,1.88,0.18,0,0,
3.28,22.5,8.05,0.76,12.25,0.98,11.29,0.61,1.51,0.26,1,0,
4.22,16.69,7.75,0.85,10.99,1.25,22.12,0.69,2.51,0.27,0,0,
4.3,20.66,6.33,0.72,14.36,1.13,18.3,0.55,2.15,0.28,0,0,
3.77,23.65,8.4,0.69,14.62,1.05,19.33,0.58,1.62,0.39,1,0,
2.96,18.46,8.72,0.66,13.73,1.06,24.34,0.45,1.73,0.27,1,0,
3.78,17.85,8.23,0.62,12.61,1.24,21.7,0.59,2.08,0.25,0,1,0.0
4.16,19.31,7.68,0.76,11.54,1.25,15.0,0.67,2.06,0.28,0,1,0.0
3.41,23.54,8.59,0.78,9.62,0.92,14.78,0.6,1.26,0.33,1,0,
4.07,20.58,8.68,0.75,15.89,1.1,20.37,0.64,2.07,0.31,0,0,
3.99,18.41,8.31,0.9,10.48,1.26,21.03,0.65,2.14,0.24,0,1,0.0
4.23,21.45,7.18,0.9,13.33,1.2,18.01,0.48,1.82,0.31,0,0,
4.05,16.69,8.28,0.77,14.12,1.29,22.58,0.66,2.27,0.22,0,0,
3.61,22.04,9.2,0.66,10.89,1.0,13.69,0.79,1.55,0.33,1,1,1.0
4.48,21.23,7.4,0.75,14.08,1.26,18.47,0.56,2.07,0.37,0,0,
3.94,19.08,10.1,0.75,13.53,1.28,22.15,0.61,2.17,0.28,0,0,
3.99,17.48,7.47,0.75,15.46,1.29,18.17,0.57,2.21,0.3,0,0,
3.63,17.34,8.03,0.74,11.06,1.18,21.45,0.42,1.89,0.32,0,0,
3.82,21.6,7.33,0.75,9.43,1.13,14.38,0.59,1.75,0.37,0,0,
3.65,23.69,8.22,0.77,10.99,0.97,22.04,0.65,1.47,0.4,1,0,
3.93,18.09,6.26,0.75,12.42,1.3,18.36,0.65,2.14,0.28,0,0,
4.68,21.38,7.45,0.82,12.12,1.27,21.38,0.56,2.07,0.37,0,1,0.0
3.45,13.74,6.91,0.83,11.21,1.22,21.93,0.58,2.43,0.18,0,0,
3.35,18.25,8.14,0.73,8.18,1.14,16.6,0.54,1.92,0.31,0,0,
4.59,19.91,8.99,0.9,12.94,1.31,22.83,0.62,2.24,0.33,0,0,
3.92,17.27,8.65,0.72,15.94,1.25,22.76,0.51,2.28,0.23,0,0,
3.73,17.19,5.63,0.67,12.93,1.23,23.22,0.47,2.13,0.29,0,0,
4.42,18.0,10.04,0.83,13.22,1.26,25.04,0.68,2.32,0.26,1,0,
3.76,20.88,8.3,0.73,13.14,1.17,18.08,0.64,1.95,0.31,0,0,
4.73,19.44,7.22,0.83,12.79,1.29,22.76,0.51,2.4,0.26,0,0,
4.27,13.29,8.16,0.61,13.86,1.33,31.49,0.61,2.86,0.17,1,0,
3.8,13.64,8.18,0.91,12.79,1.34,25.25,0.58,2.68,0.22,1,0,
4.86,18.18,7.33,0.85,11.37,1.43,21.6,0.54,2.58,0.31,0,0,
3.76,21.37,8.2,0.68,10.41,1.1,18.64,0.62,1.86,0.35,0,0,
4.3,11.76,7.39,0.68,11.5,1.58,24.3,0.57,2.79,0.17,0,0,
4.12,18.5,7.6,0.93,12.63,1.28,20.82,0.64,2.22,0.33,0,0,
4.52,18.42,7.31,0.74,11.37,1.34,19.18,0.56,2.35,0.26,0,0,
4.62,24.17,6.57,0.73,12.63,1.16,19.18,0.5,2.0,0.33,0,0,
4.01,18.84,8.15,0.62,12.88,1.23,26.06,0.59,2.21,0.34,1,0,
3.7,21.15,8.59,0.77,13.67,1.11,19.96,0.57,1.7,0.3,0,0,
4.18,20.42,8.51,0.78,14.57,1.2,13.05,0.6,2.07,0.27,0,0,
3.73,13.61,8.82,0.86,12.16,1.38,25.76,0.8,2.55,0.08,1,0,
4.81,22.3,8.32,0.69,9.38,1.2,25.34,0.54,2.14,0.37,1,0,
4.05,20.65,7.47,0.68,11.31,1.14,18.82,0.55,1.86,0.23,0,0,
3.85,21.52,8.84,0.84,12.09,1.08,20.8,0.61,1.83,0.29,1,0,
4.07,31.78,6.64,0.88,8.33,0.96,11.83,0.51,0.83,0.56,0,0,
3.46,13.75,7.1,0.67,14.78,1.33,19.56,0.53,2.44,0.21,0,0,
3.61,25.17,7.04,0.89,12.28,1.0,20.35,0.57,1.25,0.37,1,1,1.0
4.48,19.14,9.08,0.8,12.76,1.25,21.54,0.52,2.22,0.28,0,0,
3.74,20.86,8.94,0.89,14.73,1.17,12.91,0.73,1.93,0.27,0,0,
3.58,19.86,8.49,0.79,10.74,1.14,18.2,0.67,1.74,0.27,0,0,
4.21,18.73,9.07,0.6,13.15,1.28,21.26,0.55,2.12,0.29,0,0,
4.47,18.29,7.12,0.79,11.78,1.27,26.35,0.37,2.36,0.24,1,0,
4.29,20.99,8.35,0.88,11.63,1.22,20.7,0.54,1.94,0.31,0,0,
4.4,15.45,7.87,0.73,10.46,1.38,22.6,0.57,2.53,0.14,0,0,
3.7,22.25,8.85,0.77,15.33,1.05,20.8,0.85,1.66,0.4,1,0,
3.43,18.75,7.88,0.79,11.25,1.19,18.71,0.64,1.75,0.3,0,0,
4.6,16.61,7.62,0.57,13.4,1.31,21.85,0.44,2.48,0.27,0,1,0.0
3.87,18.65,8.54,0.93,8.25,1.25,23.62,0.57,2.29,0.34,0,0,
3.9,23.77,8.88,0.73,14.36,1.11,18.29,0.64,1.63,0.33,0,0,
4.53,18.39,7.33,0.84,14.1,1.28,22.94,0.59,2.3,0.25,0,0,
4.22,21.08,7.94,0.79,12.19,1.16,20.89,0.49,2.02,0.23,0,0,
4.18,17.81,6.94,0.9,11.55,1.28,18.61,0.54,2.35,0.41,0,0,
4.87,22.27,5.5,0.83,12.8,1.28,20.74,0.42,2.22,0.34,0,0,
3.74,22.06,8.2,0.78,16.58,1.09,17.95,0.52,1.68,0.39,1,0,
4.37,25.55,8.61,0.73,8.47,1.11,18.13,0.65,1.69,0.35,0,0,
4.02,19.47,8.26,0.86,13.56,1.31,24.17,0.68,1.86,0.34,0,0,
4.11,22.01,6.05,0.65,10.18,1.13,20.08,0.57,1.74,0.43,0,0,
4.61,20.29,7.65,0.85,11.96,1.2,24.86,0.63,2.23,0.3,0,0,
4.2,23.89,5.78,0.71,11.5,1.16,18.9,0.45,1.73,0.33,0,0,
4.22,17.84,9.37,0.9,11.14,1.38,25.11,0.73,2.21,0.25,1,0,
4.43,22.24,6.91,0.81,11.98,1.22,21.79,0.57,1.97,0.23,0,0,
3.85,19.42,9.26,0.85,9.73,1.14,19.75,0.67,1.94,0.29,0,1,0.0
3.66,19.81,8.95,0.81,14.06,1.15,18.71,0.6,1.86,0.34,0,0,
3.58,20.28,7.1,0.66,8.41,1.07,15.33,0.52,1.91,0.3,1,0,
3.21,20.76,6.87,0.73,13.08,1.09,18.0,0.55,1.7,0.3,1,0,
4.82,19.65,8.35,0.85,11.35,1.27,23.34,0.81,2.26,0.32,0,0,
3.56,20.64,7.16,0.81,9.66,1.1,16.41,0.58,1.65,0.34,1,0,
3.91,24.73,8.1,0.89,12.4,0.99,20.6,0.56,1.45,0.31,1,0,
3.89,22.96,7.52,0.83,8.89,1.1,14.33,0.51,1.66,0.36,0,0,
4.12,22.61,6.22,0.72,12.08,1.12,17.92,0.47,1.72,0.47,0,0,
4.33,18.63,5.77,0.74,9.15,1.3,25.07,0.66,2.37,0.21,1,0,
4.34,17.33,8.23,0.81,12.92,1.33,23.66,0.58,2.44,0.24,0,0,
3.77,22.87,7.44,0.61,10.15,1.03,17.49,0.64,1.66,0.45,1,0,
3.93,22.63,7.45,0.93,11.1,1.14,19.17,0.54,1.58,0.41,0,0,
4.11,24.42,8.7,0.84,12.59,1.08,18.78,0.66,1.72,0.36,0,0,
3.9,18.19,9.17,0.9,10.45,1.19,15.96,0.72,1.86,0.27,0,0,
4.64,19.31,7.73,0.67,11.88,1.43,21.87,0.54,2.41,0.29,0,0,
4.2,15.08,7.66,0.9,8.97,1.4,28.09,0.53,2.66,0.16,1,0,
4.29,18.82,8.5,0.98,13.26,1.27,19.79,0.76,2.19,0.27,0,0,
4.27,22.99,6.64,0.69,15.53,1.22,18.61,0.61,1.93,0.35,0,0,
4.47,18.6,8.22,0.86,17.58,1.4,20.95,0.67,2.32,0.28,0,0,
4.07,21.92,8.55,0.8,12.18,1.15,19.07,0.69,1.84,0.3,0,0,
3.48,19.43,8.68,0.68,13.58,1.16,16.46,0.67,1.88,0.22,0,0,
4.16,20.97,6.06,0.84,8.44,1.15,21.61,0.66,2.29,0.32,0,0,
3.74,16.56,7.24,0.87,15.01,1.26,21.27,0.57,2.37,0.32,0,0,
3.79,20.26,7.12,0.75,13.55,1.15,21.35,0.6,1.96,0.31,0,0,
4.23,11.03,8.1,0.89,11.03,1.51,22.27,0.49,2.9,0.1,0,0,
4.5,19.44,8.48,0.67,14.47,1.31,21.24,0.56,2.27,0.33,0,0,
4.01,15.11,9.5,0.68,11.49,1.38,21.8,0.58,2.41,0.19,0,0,
4.12,23.62,7.51,0.81,11.08,1.12,20.05,0.68,1.77,0.47,0,0,
4.68,22.33,7.5,0.8,12.95,1.17,19.18,0.37,2.05,0.35,0,0,
4.1,21.4,9.15,0.74,9.87,1.13,22.43,0.63,1.79,0.36,0,0,
5.04,24.56,8.3,0.86,14.04,1.19,25.44,0.38,1.97,0.35,1,0,
4.23,17.15,9.27,0.84,9.89,1.31,19.36,0.6,2.29,0.27,0,0,
3.3,25.24,8.29,0.87,9.9,0.99,13.09,0.58,1.21,0.42,1,0,
4.3,22.8,6.84,0.79,10.18,1.1,18.21,0.65,1.75,0.35,0,0,
4.15,19.29,6.67,0.85,13.52,1.23,28.86,0.57,2.13,0.26,1,0,
4.52,23.41,6.45,0.76,10.77,1.22,19.07,0.46,1.94,0.34,0,0,
4.27,16.68,8.66,0.96,9.3,1.32,27.77,0.72,2.43,0.25,1,0,
3.94,17.53,9.19,0.73,10.79,1.29,17.22,0.66,2.19,0.28,0,0,
3.51,18.17,9.85,0.97,11.94,1.17,15.99,0.7,2.01,0.26,0,0,
3.92,18.41,8.84,0.8,9.64,1.25,18.4,0.55,2.19,0.28,0,0,
3.66,16.83,9.16,0.69,9.7,1.23,17.69,0.58,2.07,0.23,0,0,
3.77,23.67,7.42,0.91,16.22,1.09,16.43,0.5,1.57,0.38,1,0,
4.24,19.22,6.84,0.81,10.28,1.18,19.2,0.55,2.3,0.27,0,0,
4.67,21.06,8.85,0.87,11.35,1.25,19.69,0.65,2.22,0.32,0,0,
4.16,18.29,8.42,0.9,11.27,1.29,24.96,0.74,2.24,0.4,0,0,
3.52,14.54,8.11,0.83,11.16,1.32,24.49,0.64,2.42,0.21,0,0,
4.18,20.81,8.39,0.75,13.24,1.28,23.15,0.4,2.04,0.35,0,0,
4.48,14.26,8.32,0.88,13.9,1.42,26.35,0.64,2.84,0.21,1,1,1.0
3.76,19.79,9.28,0.8,11.39,1.24,19.41,0.55,1.72,0.28,0,0,
3.95,15.9,9.29,0.85,9.53,1.28,20.35,0.59,2.23,0.28,0,0,
4.01,25.96,8.54,0.63,14.55,1.09,14.18,0.56,1.51,0.4,0,0,
3.69,22.73,8.85,0.84,11.81,1.11,18.47,0.59,1.45,0.41,0,0,
4.26,20.32,8.51,0.75,15.46,1.18,17.36,0.52,2.11,0.29,0,0,
3.95,23.79,7.54,0.93,7.51,1.09,14.93,0.59,1.57,0.33,1,0,
4.17,17.46,8.76,0.85,12.39,1.3,25.4,0.52,2.22,0.27,1,0,
3.65,21.63,6.61,0.82,15.84,1.13,23.47,0.56,1.73,0.28,0,1,0.0
3.83,20.6,9.05,0.84,11.29,1.14,20.18,0.83,1.89,0.34,0,1,0.0
4.29,20.79,6.81,0.72,11.55,1.2,24.08,0.43,2.25,0.26,0,1,0.0
3.85,23.82,8.29,0.93,12.59,1.13,16.76,0.59,1.5,0.36,0,0,
4.69,22.2,7.15,0.96,10.88,1.23,17.65,0.36,2.2,0.27,0,0,
3.84,20.87,8.55,0.83,11.38,1.19,20.76,0.6,1.88,0.46,0,0,
4.09,15.04,7.97,0.93,11.32,1.35,24.55,0.65,2.47,0.12,0,1,0.0
4.37,17.12,6.41,0.75,10.75,1.43,23.15,0.58,2.52,0.24,0,0,
3.43,19.63,8.42,0.74,14.46,1.09,17.19,0.63,1.87,0.35,1,0,
3.3,20.28,7.42,0.8,12.92,1.06,19.93,0.64,1.69,0.36,1,0,
3.39,16.61,8.88,0.83,12.5,1.29,16.3,0.85,2.12,0.27,0,0,
4.51,27.24,8.0,0.77,13.62,1.04,16.08,0.74,1.42,0.43,0,0,
3.78,24.55,8.4,0.84,11.47,1.11,13.82,0.58,1.37,0.46,0,0,
5.02,21.81,7.04,0.82,10.45,1.34,23.44,0.44,2.3,0.38,0,0,
3.77,20.22,7.41,0.72,10.79,1.15,15.73,0.54,1.87,0.31,0,0,
4.07,19.36,7.54,0.84,12.0,1.14,18.56,0.5,2.09,0.3,0,0,
4.62,17.14,8.86,0.87,9.88,1.38,21.78,0.68,2.56,0.23,0,0,
4.8,20.23,9.68,0.81,11.0,1.32,22.31,0.59,2.32,0.26,0,0,
4.82,20.77,7.19,0.89,10.97,1.36,18.45,0.55,2.11,0.38,0,0,
4.48,16.27,9.08,0.7,16.25,1.46,24.06,0.72,2.69,0.29,0,0,
4.41,21.0,5.83,0.84,6.45,1.2,24.88,0.48,2.08,0.28,0,0,
4.24,19.53,6.81,0.71,11.64,1.29,21.59,0.46,2.12,0.28,0,0,
